channel,mean,rms,meanerr,rmserr,tv
1766,499.309,18.4126,0.176386,0.387857,10389
1659,402.435,9.32082,0.14849,0.194064,10389
1765,378.828,14.2999,0.198615,0.382981,10389
1660,333.715,7.34403,0.155721,0.207097,10389
1764,303.902,13.1863,0.146197,0.362905,10389
1661,369.547,8.48822,0.156072,0.231187,10389
1763,282.928,13.0514,0.153296,0.21828,10389
1662,353.595,8.41719,0.131418,0.207979,10389
1762,259.713,14.1665,0.145661,0.294741,10389
1663,299.565,8.76714,0.142709,0.241658,10389
1761,295.423,14.1763,0.207808,0.461899,10389
1664,356.011,8.97953,0.143751,0.215827,10389
1760,366.634,12.8418,0.181026,0.358741,10389
1665,441.417,10.3835,0.157844,0.287248,10389
1759,383.242,12.8011,0.151513,0.266069,10389
1758,551.753,12.6977,0.157863,0.282942,10389
1757,653.377,15.2294,0.193944,0.443928,10389
1756,552.491,21.582,0.548449,0.505664,10389
1668,570.855,11.2663,0.22454,0.484177,10389
1755,517.309,12.4426,0.174712,0.401626,10389
1669,423.321,10.9414,0.284136,0.696513,10389
1754,461.728,8.56259,0.111746,0.226297,10389
1670,527.208,7.90423,0.138553,0.193978,10389
1753,457.057,14.1455,0.218857,0.455898,10389
1671,416.17,24.6804,2.26187,2.86453,10389
1752,408.96,20.2818,0.688885,0.580352,10389
1672,450.803,8.00456,0.33439,1.16305,10389
1751,448.12,18.4493,0.439224,0.523366,10389
1673,517.747,5.21468,0.0952423,0.11132,10389
1750,2288,0,0,0,10389
1674,528.156,7.83353,0.1372,0.172356,10389
1749,703.958,14.6652,0.186761,0.413471,10389
1666,570.402,11.7182,0.184336,0.358364,10389
1950,628.036,12.8885,0.147653,0.200738,10389
1951,461.649,16.0539,0.177484,0.224262,10389
1952,467.81,10.7819,0.139066,0.145754,10389
1953,432.575,17.1655,0.168783,0.210816,10389
1954,342.518,14.0717,0.194528,0.165689,10389
1955,2087.6,3.44423,0.0904371,0.0340286,10389
1956,317.949,16.3146,0.185075,0.190579,10389
1957,409.052,15.1776,0.186988,0.179465,10389
1958,257.08,15.618,0.169515,0.19478,10389
1959,272.263,13.9245,0.148286,0.208774,10389
1960,363.544,22.2787,0.173428,0.254411,10389
1961,354.145,24.3834,0.20158,0.282833,10389
1962,432.113,21.2832,0.186575,0.236142,10389
1963,476.518,18.5014,0.143852,0.226376,10389
1658,585.815,18.3204,0.240804,0.284044,10389
1675,473.621,13.2498,0.17881,0.242334,10389
1936,458.224,14.9578,0.142529,0.205391,10389
1937,391.773,19.0492,0.263416,0.276633,10389
1938,390.304,13.6877,0.1851,0.237706,10389
1939,416.073,13.2372,0.122596,0.150405,10389
1940,406.598,15.4806,0.308747,0.181665,10389
1941,437.279,15.8979,0.200417,0.164872,10389
1942,409.214,16.1656,0.178492,0.234678,10389
1943,547.341,13.5645,0.242846,0.170058,10389
1944,425.393,17.4615,0.216262,0.208105,10389
1945,478.018,15.6612,0.202053,0.20919,10389
1946,457.6,15.2137,0.223882,0.210189,10389
1947,528.308,16.4945,0.255111,0.216595,10389
1948,478.248,14.7936,0.18355,0.193262,10389
1949,592.913,10.8843,0.169934,0.154808,10389
1667,525.01,8.92271,0.141725,0.278673,10389
1775,534.093,12.1526,0.172844,0.31533,10389
1774,443.398,11.1469,0.155493,0.325581,10389
1650,420.396,10.3736,0.164586,0.251506,10389
1773,390.629,11.0186,0.164818,0.326816,10389
1651,349.114,9.986,0.152839,0.240099,10389
1772,303.151,11.2298,0.156473,0.290849,10389
1652,319.668,12.4094,0.358121,0.391828,10389
1771,380.858,12.1103,0.222128,0.265809,10389
1653,350.767,9.55782,0.200627,0.218221,10389
1770,393.301,14.2475,0.197338,0.335642,10389
1654,351.414,10.4339,0.155026,0.245759,10389
1769,376.946,20.5025,0.242108,0.336929,10389
1655,422.086,12.8713,0.190605,0.24206,10389
1768,451.442,16.0764,0.217133,0.230737,10389
1656,487.701,1.33773,0.0124451,0.00853241,10389
1767,571.192,15.0325,0.320779,0.303823,10389
1784,563.028,14.5391,0.280788,0.462831,10389
1641,455.674,14.5945,0.200021,0.372435,10389
1783,459.106,13.6831,0.292681,0.521376,10389
1642,386.019,1.83896,0.0310897,0.0484864,10389
1782,347.412,8.4208,0.191831,0.213292,10389
1643,393.694,19.2512,0.254022,0.5767,10389
1781,335.545,9.02406,0.175548,0.278474,10389
1644,376.029,11.0816,0.167367,0.350912,10389
1780,375.637,10.3733,0.162581,0.354091,10389
1645,383.299,10.5552,0.196441,0.289887,10389
1779,366.357,10.9924,0.159777,0.362685,10389
1646,399.244,8.88607,0.152725,0.256187,10389
1778,470.233,9.99635,0.184305,0.306625,10389
1647,447.076,10.4501,0.163075,0.289917,10389
1777,570.251,11.8933,0.196454,0.367086,10389
1776,583.375,10.9933,0.163856,0.399281,10389
1657,514.401,23.0672,0.287451,0.321553,10389
1964,457.549,17.0868,0.155335,0.202508,10389
1965,449.091,16.4325,0.183155,0.206285,10389
1966,390.762,16.8477,0.28801,0.225274,10389
1967,482.4,15.4829,0.171717,0.175297,10389
1968,351.09,12.4423,0.171906,0.142493,10389
1969,308.326,12.6273,0.168881,0.156444,10389
1970,298.154,16.2266,0.163256,0.160579,10389
1971,319.575,16.3144,0.285765,0.216201,10389
1972,358.269,13.196,0.153808,0.148292,10389
1973,382.15,14.496,0.206825,0.198706,10389
1974,375.805,17.9086,0.271864,0.188846,10389
1975,339.353,11.1817,0.143798,0.13517,10389
1976,433.225,16.4225,0.151618,0.193917,10389
1977,493.695,20.1672,0.542371,0.237901,10389
1649,629.975,10.7417,0.186072,0.296972,10389
1648,621.699,12.83,0.240653,0.406371,10389
1978,422.915,24.7388,0.437486,0.493098,10389
1979,346.663,21.8385,0.225504,0.304197,10389
1980,330.442,16.1915,0.162867,0.194986,10389
1981,294.667,17.0556,0.235301,0.265567,10389
1982,255.235,14.5824,0.215364,0.209319,10389
1983,261.936,10.9098,0.153096,0.162942,10389
1984,215.551,10.2813,0.145074,0.17109,10389
1985,305.415,10.5102,0.177981,0.42625,10389
1986,335.099,8.19608,0.12091,0.170733,10389
1987,330.269,7.30447,0.11852,0.152246,10389
1988,236.786,8.449,0.152837,0.17558,10389
1989,382.714,9.94495,0.176792,0.330133,10389
1990,455.326,6.06839,0.157464,0.386286,10389
1991,525.095,6.78212,0.124098,0.155011,10389
1640,485.291,18.3709,0.230419,0.446783,10389
1802,624.922,15.2148,0.277275,0.355927,10389
1623,484.405,11.2843,0.169073,0.238617,10389
1801,439.725,12.928,0.27521,0.333771,10389
1624,420.615,10.4575,0.176533,0.235257,10389
1800,384.748,13.5189,0.217029,0.263819,10389
1625,342.58,9.73102,0.15058,0.234808,10389
1799,351.912,10.6136,0.182682,0.211783,10389
1626,370.368,11.3524,0.216903,0.425278,10389
1798,319.665,13.6731,0.297349,0.449003,10389
1627,372.129,9.95345,0.155412,0.295209,10389
1797,352.032,9.57049,0.177897,0.264185,10389
1628,397.808,9.57459,0.160585,0.284905,10389
1796,456.155,10.015,0.169073,0.316862,10389
1629,480.093,10.1828,0.166029,0.285426,10389
1795,530.683,9.16967,0.183563,0.225473,10389
1794,519.49,9.18422,0.177268,0.341218,10389
1793,501.753,12.7424,0.240207,0.412189,10389
1792,533.519,10.0984,0.200264,0.324856,10389
1632,467.906,10.2688,0.180419,0.233284,10389
1791,420.417,9.31412,0.224994,0.286355,10389
1633,392.097,7.00062,0.207332,0.413319,10389
1790,406.52,9.42862,0.150909,0.295798,10389
1634,391.467,8.80031,0.177017,0.347769,10389
1789,384.227,8.17933,0.144366,0.371967,10389
1635,354.196,13.1585,0.309618,0.783462,10389
1788,405.055,8.76289,0.162322,0.175251,10389
1636,433.333,13.3104,0.257605,0.45942,10389
1787,453.41,10.8904,0.176316,0.371691,10389
1637,399.895,8.55083,0.148361,0.158982,10389
1786,459.078,8.49001,0.155734,0.332137,10389
1638,570.529,12.6914,0.203936,0.387695,10389
1785,654.383,12.0747,0.203232,0.473931,10389
1630,585.925,14.2739,0.226657,0.450752,10389
2006,592.441,8.22756,0.146353,0.138443,10389
2007,487.689,8.97724,0.173493,0.164475,10389
2008,492.874,8.86163,0.180053,0.15488,10389
2009,552.183,9.04572,0.176687,0.210535,10389
2010,526.036,8.2464,0.173624,0.135979,10389
2011,595.691,9.14367,0.201434,0.154108,10389
2012,514.318,9.51027,0.194941,0.176005,10389
2013,596.155,8.55842,0.172221,0.147831,10389
2014,545.291,8.66432,0.191869,0.160487,10389
2015,551.514,7.62417,0.176029,0.156291,10389
2016,647.691,8.23178,0.226095,0.157997,10389
2017,678.121,8.04203,0.173395,0.164787,10389
2018,675.99,10.8921,0.365659,0.16405,10389
2019,659.94,8.64656,0.207224,0.150384,10389
1622,604.044,12.826,0.219728,0.250727,10389
1639,587.235,17.1423,0.238461,0.491295,10389
1992,422.349,10.0727,0.16735,0.210421,10389
1993,452.619,12.68,0.191868,0.306449,10389
1994,385.471,9.8256,0.151759,0.20994,10389
1995,341.799,8.45188,0.109294,0.125561,10389
1996,375.499,14.1062,0.206133,0.243227,10389
1997,408.414,9.54795,0.14578,0.130363,10389
1998,377.972,10.8814,0.228543,0.220198,10389
1999,461.915,7.97883,0.155729,0.137111,10389
2000,528.452,8.21115,0.15824,0.139953,10389
2001,502.447,10.6057,0.233066,0.20288,10389
2002,485.125,9.38918,0.170396,0.160278,10389
2003,531.666,9.14734,0.157929,0.137286,10389
2004,628.139,13.0411,0.300615,0.325814,10389
2005,611.972,9.44325,0.169065,0.153464,10389
1631,583.55,11.1267,0.198651,0.321966,10389
1811,511.386,13.3698,0.163293,0.313519,10389
1810,419.128,10.0587,0.143002,0.188893,10389
1614,387.51,9.17828,0.237966,0.571797,10389
1809,386.406,10.1522,0.133437,0.269627,10389
1615,361.48,8.73285,0.173307,0.259852,10389
1808,391.088,11.3292,0.145887,0.263671,10389
1616,381.976,12.0169,0.313208,0.457192,10389
1807,339.477,9.146,0.13313,0.231019,10389
1617,394.218,7.23232,0.158832,0.228403,10389
1806,347.53,8.42801,0.141968,0.179714,10389
1618,366.542,11.6378,0.273617,0.660793,10389
1805,386.089,9.9096,0.162132,0.268596,10389
1619,410.503,7.31931,0.154336,0.144681,10389
1804,418.671,10.0061,0.195929,0.253643,10389
1620,523.079,8.15716,0.155787,0.223637,10389
1803,536.632,10.7119,0.181887,0.222987,10389
1820,552.209,15.2209,0.195197,0.225879,10389
1605,391.256,5.48622,0.100158,0.375859,10389
1819,401.711,13.3203,0.253379,0.392321,10389
1606,327.293,8.47625,0.173748,0.28927,10389
1818,337.855,9.52232,0.118394,0.188876,10389
1607,371.087,8.39753,0.165653,0.25482,10389
1817,327.33,9.98398,0.149269,0.195643,10389
1608,318.19,9.28437,0.156866,0.283243,10389
1816,295.096,9.73361,0.138489,0.231725,10389
1609,377.849,14.8605,0.327537,0.562132,10389
1815,280.004,9.72999,0.12194,0.146755,10389
1610,357.937,8.18851,0.138062,0.243907,10389
1814,375.379,10.76,0.238505,0.285752,10389
1611,434.692,9.00598,0.145842,0.298848,10389
1813,455.672,11.9021,0.126597,0.265374,10389
1812,562.764,10.9823,0.127425,0.224768,10389
1621,617.606,12.0761,0.197349,0.302377,10389
2020,889.488,7.98871,0.255098,0.206459,10389
2021,780.902,6.56393,0.174161,0.181264,10389
2022,814.027,7.59368,0.196758,0.127151,10389
2023,681.511,6.73741,0.151847,0.115335,10389
2024,585.349,6.47941,0.156782,0.147369,10389
2025,607.664,6.33851,0.130929,0.0989598,10389
2026,562.605,9.68843,0.15705,0.130633,10389
2027,535.917,11.3423,0.166815,0.116149,10389
2028,603.454,10.1374,0.161628,0.12876,10389
2029,612.325,9.46949,0.145966,0.133734,10389
2030,664.931,12.1101,0.215636,0.1687,10389
2031,754.259,11.0384,0.148274,0.19731,10389
2032,695.603,10.2679,0.261575,0.255725,10389
2033,794.246,10.7561,0.169606,0.159326,10389
1613,729.638,11.1853,0.150442,0.302008,10389
1612,661.36,10.2203,0.198276,0.338116,10389
2034,730.797,8.49277,0.122439,0.137291,10389
2035,711.298,10.9345,0.162951,0.200534,10389
2036,646.598,7.69699,0.103035,0.220859,10389
2037,600.896,10.6522,0.14046,0.132441,10389
2038,547.156,9.95059,0.115061,0.127818,10389
2039,597.436,12.8327,0.159575,0.181761,10389
2040,642.405,9.23852,0.155387,0.146382,10389
2041,496.479,12.0099,0.123599,0.189554,10389
2042,514.709,9.30551,0.152887,0.142793,10389
2043,484.761,10.0955,0.147046,0.131244,10389
2044,472.806,8.18968,0.0996977,0.133111,10389
2045,482.532,9.23743,0.110656,0.138122,10389
2046,1374.41,1.94856,0.040306,0.0194348,10389
2047,674.044,14.5849,0.144201,0.196125,10389
1604,706.955,20.7358,0.435762,0.396473,10389
1694,684.094,16.4764,0.245674,0.210845,10389
1587,527.223,9.31059,0.118535,0.140312,10389
1693,490.877,9.64533,0.177113,0.146293,10389
1588,465.193,8.92511,0.112718,0.144195,10389
1692,488.629,10.7337,0.371603,0.465426,10389
1589,439.265,10.1746,0.187937,0.210618,10389
1691,3863.5,2.30491,0.186869,0.0275187,10389
1590,406.483,8.11981,0.137965,0.14583,10389
1690,438.327,11.8164,0.237904,0.191279,10389
1591,489.76,10.1801,0.135547,0.172277,10389
1689,499.002,12.0626,0.194615,0.207128,10389
1592,499.344,8.33295,0.121471,0.154317,10389
1688,509.525,11.7486,0.216348,0.176778,10389
1593,548.088,10.9826,0.135596,0.139813,10389
1687,622.465,11.7845,0.175598,0.173499,10389
1686,685.528,12.1291,0.152525,0.173743,10389
1685,639.871,15.379,0.245565,0.240158,10389
1684,477.402,10.55,0.152984,0.111952,10389
1596,459.274,9.24588,0.135826,0.200358,10389
1683,448.757,12.0931,0.222613,0.204125,10389
1597,460.028,12.0832,0.18465,0.242181,10389
1682,383.256,11.9998,0.157888,0.200322,10389
1598,394.252,9.3569,0.131188,0.191508,10389
1681,402.364,13.5231,0.139691,0.219194,10389
1599,396.734,9.07921,0.126238,0.190899,10389
1680,351.519,11.9122,0.158833,0.175531,10389
1600,428.252,10.3799,0.126957,0.187008,10389
1823,485.554,15.6057,0.167015,0.200242,10389
1601,491.391,10.6508,0.144829,0.161055,10389
1822,552.005,15.7716,0.185507,0.229109,10389
1602,617.513,9.11712,0.207611,0.160972,10389
1821,633.916,15.1385,0.266707,0.208996,10389
1594,605.005,9.09064,0.119028,0.164003,10389
1921,593.66,14.9916,0.206229,0.192431,10389
1920,531.07,26.3158,0.301312,0.341521,10389
1919,507.986,14.5809,0.17614,0.176449,10389
1918,504.802,14.7088,0.318262,0.163844,10389
1917,439.67,12.6325,0.144332,0.155195,10389
1916,430.123,11.6264,0.216191,0.156909,10389
1915,482.253,11.9246,0.16383,0.119715,10389
1914,498.926,10.7009,0.139773,0.147685,10389
1913,455.628,8.13644,0.153298,0.15533,10389
1912,484.553,10.1029,0.147372,0.130494,10389
1911,512.793,8.17022,0.197521,0.140741,10389
1910,562.075,7.73328,0.24351,0.102479,10389
1909,596.44,7.35653,0.243301,0.110225,10389
1908,702.875,8.98307,0.22208,0.147122,10389
1586,622.685,14.5929,0.183207,0.192323,10389
1603,573.468,18.8825,0.219173,0.240795,10389
1935,578.732,14.1903,0.201608,0.196175,10389
1934,689.781,14.9401,0.260913,0.188262,10389
1933,505.514,14.8514,0.223438,0.173896,10389
1932,478.017,27.4934,0.36783,0.413047,10389
1931,499.581,14.6489,0.247823,0.229979,10389
1930,447.88,32.7106,0.477758,0.42965,10389
1929,539.982,11.7803,0.160229,0.138443,10389
1928,421.522,16.5745,0.21181,0.25657,10389
1927,486.908,15.0589,0.186077,0.173833,10389
1926,512.996,20.9007,0.207074,0.194067,10389
1925,488.072,17.6662,0.179138,0.197859,10389
1924,604.14,16.6236,0.203409,0.19699,10389
1923,669.094,12.7477,0.187123,0.159493,10389
1922,679.626,19.2182,0.256382,0.271295,10389
1595,535.787,8.26584,0.119375,0.164732,10389
1703,516.712,14.4949,0.255097,0.276468,10389
1702,400.997,12.1424,0.207846,0.225251,10389
1578,351.532,10.7376,0.173917,0.18807,10389
1701,344.013,10.1811,0.159411,0.190117,10389
1579,327.303,11.8696,0.175017,0.229824,10389
1700,293.186,10.7751,0.195063,0.205689,10389
1580,258.552,14.1805,0.193463,0.203584,10389
1699,322.317,13.6169,0.319542,0.263291,10389
1581,297.461,12.5203,0.178033,0.171966,10389
1698,307.311,11.3905,0.196626,0.195286,10389
1582,260.359,13.5514,0.175242,0.202447,10389
1697,215.921,14.4663,0.192582,0.145501,10389
1583,275.66,15.5033,0.240517,0.29739,10389
1696,367.84,17.7584,0.303909,0.194856,10389
1584,352.217,12.581,0.22954,0.230091,10389
1695,479.955,15.2443,0.2402,0.202801,10389
1712,542.528,12.9928,0.30492,0.419296,10389
1569,426.693,10.667,0.180909,0.258343,10389
1711,372.578,10.606,0.206769,0.347383,10389
1570,364.691,2.44719,0.0710259,0.0286293,10389
1710,394.253,8.74537,0.160233,0.250867,10389
1571,338.14,16.7985,0.269302,0.462724,10389
1709,339.77,14.5931,0.320064,0.301999,10389
1572,345.148,10.3967,0.159057,0.188612,10389
1708,366.615,13.288,0.214507,0.305339,10389
1573,371.071,11.7576,0.15689,0.230726,10389
1707,346.956,12.9554,0.224218,0.191743,10389
1574,381.497,13.8675,0.220005,0.254752,10389
1706,381.2,14.1872,0.287509,0.243782,10389
1575,457.647,11.6696,0.184695,0.295789,10389
1705,556.244,11.8413,0.156123,0.198258,10389
1704,629.351,13.3241,0.198263,0.257952,10389
1585,578.342,23.0032,0.329931,0.281765,10389
1907,723.068,7.62148,0.198381,0.120095,10389
1906,759.503,9.58272,0.245647,0.210395,10389
1905,726.879,7.8361,0.251554,0.116547,10389
1904,625.383,14.8986,1.36537,0.373978,10389
1903,583.333,6.76491,0.196038,0.122487,10389
1902,599.177,6.93025,0.13815,0.111784,10389
1901,583.103,7.43845,0.142691,0.129267,10389
1900,644.338,7.68391,0.165578,0.137085,10389
1899,549.642,6.98681,0.141267,0.115066,10389
1898,595.428,7.27616,0.160207,0.107736,10389
1897,633.905,9.14129,0.200559,0.143041,10389
1896,651.606,8.15853,0.185436,0.129702,10389
1895,656.606,10.9724,0.160268,0.151138,10389
1894,651.194,11.3306,0.217063,0.163857,10389
1577,589.891,10.5462,0.182329,0.225418,10389
1576,539.721,10.539,0.169325,0.221391,10389
1893,537.417,10.9628,0.139335,0.115514,10389
1892,472.563,11.3099,0.166934,0.139626,10389
1891,472.457,11.511,0.138879,0.123715,10389
1890,477.694,12.507,0.157484,0.129797,10389
1889,542.269,12.3948,0.161989,0.141247,10389
1888,476.07,17.3515,0.32316,0.436342,10389
1887,451.109,12.7574,0.194395,0.159376,10389
1886,402.505,9.0237,0.153169,0.117655,10389
1885,460.977,11.6024,0.122589,0.171902,10389
1884,412.667,11.2551,0.136362,0.131317,10389
1883,408.848,8.53792,0.127599,0.115815,10389
1882,442.078,9.78256,0.155955,0.159543,10389
1881,486.852,9.5706,0.151843,0.124915,10389
1880,548.418,9.21351,0.123639,0.135014,10389
1568,672.912,11.6406,0.186886,0.248338,10389
1730,0,0,0,0,10389
1551,0,0,0,0,10389
1729,0,0,0,0,10389
1552,0,0,0,0,10389
1728,0,0,0,0,10389
1553,0,0,0,0,10389
1727,0,0,0,0,10389
1554,0,0,0,0,10389
1726,0,0,0,0,10389
1555,0,0,0,0,10389
1725,383,0,0,0,10389
1556,0,0,0,0,10389
1724,447,0,0,0,10389
1557,447,0,0,0,10389
1723,511,0,0,0,10389
1722,0,0,0,0,10389
1721,0,0,0,0,10389
1720,0,0,0,0,10389
1560,0,0,0,0,10389
1719,0,0,0,0,10389
1561,0,0,0,0,10389
1718,0,0,0,0,10389
1562,0,0,0,0,10389
1717,0,0,0,0,10389
1563,0,0,0,0,10389
1716,0,0,0,0,10389
1564,0,0,0,0,10389
1715,0,0,0,0,10389
1565,0,0,0,0,10389
1714,0,0,0,0,10389
1566,0,0,0,0,10389
1713,0,0,0,0,10389
1558,0,0,0,0,10389
1865,0,0,0,0,10389
1864,0,0,0,0,10389
1863,0,0,0,0,10389
1862,0,0,0,0,10389
1861,0,0,0,0,10389
1860,0,0,0,0,10389
1859,0,0,0,0,10389
1858,0,0,0,0,10389
1857,0,0,0,0,10389
1856,0,0,0,0,10389
1855,0,0,0,0,10389
1854,0,0,0,0,10389
1853,0,0,0,0,10389
1852,0,0,0,0,10389
1550,0,0,0,0,10389
1567,0,0,0,0,10389
1879,0,0,0,0,10389
1878,0,0,0,0,10389
1877,0,0,0,0,10389
1876,0,0,0,0,10389
1875,0,0,0,0,10389
1874,0,0,0,0,10389
1873,0,0,0,0,10389
1872,0,0,0,0,10389
1871,0,0,0,0,10389
1870,0,0,0,0,10389
1869,0,0,0,0,10389
1868,0,0,0,0,10389
1867,0,0,0,0,10389
1866,0,0,0,0,10389
1559,0,0,0,0,10389
1739,542.67,1.34141,0.01172,0.00720146,10389
1738,467.867,1.38475,0.0213806,0.00910484,10389
1542,456.797,1.1644,0.0194581,0.00643789,10389
1737,404.198,1.37391,0.0202218,0.0085271,10389
1543,349.709,2.39082,0.0439978,0.0387284,10389
1736,423.035,13.5303,0.274178,0.304123,10389
1544,320.203,13.6675,0.232357,0.230085,10389
1735,465.375,10.2997,0.208721,0.161742,10389
1545,300.508,13.2526,0.211347,0.231499,10389
1734,434.983,10.4614,0.235011,0.241665,10389
1546,398.705,10.7706,0.170076,0.212618,10389
1733,427.737,9.84991,0.231676,0.189219,10389
1547,462.346,9.45294,0.147332,0.19026,10389
1732,494.596,10.6095,0.202861,0.2437,10389
1548,467.275,10.2851,0.175836,0.178968,10389
1731,596.186,10.3995,0.268826,0.192758,10389
1748,498.513,10.8697,0.204003,0.304161,10389
1677,462.183,9.65171,0.179119,0.227132,10389
1747,365.771,9.75955,0.181687,0.221589,10389
1678,359.833,8.88109,0.199239,0.193599,10389
1746,355.233,14.6012,0.176964,0.223972,10389
1679,319.23,10.3525,0.207873,0.230212,10389
1745,337.151,12.6779,0.169276,0.20596,10389
1536,368.714,11.5303,0.182435,0.218757,10389
1744,353.974,11.586,0.203179,0.146686,10389
1537,348.055,10.5287,0.164567,0.175302,10389
1743,401.387,13.0033,0.233146,0.235,10389
1538,369.626,10.773,0.213185,0.247516,10389
1742,464.392,14.151,0.225116,0.211215,10389
1539,412.398,11.5172,0.189629,0.189268,10389
1741,562.095,14.4785,0.293273,0.227475,10389
1740,567.404,21.2615,0.599655,0.317196,10389
1549,541.294,19.3989,0.271802,0.288141,10389
1851,606.668,9.4293,0.22309,0.20043,10389
1850,475.657,10.9372,0.233645,0.157643,10389
1849,484.981,10.7445,0.207737,0.151263,10389
1848,488.595,11.5577,0.191556,0.136447,10389
1847,526.391,11.4609,0.195047,0.164139,10389
1846,459.236,13.6151,0.266456,0.195528,10389
1845,506.216,13.2805,0.252969,0.166659,10389
1844,593.146,10.1694,0.176394,0.139518,10389
1843,538.635,9.38441,0.198985,0.124154,10389
1842,617.286,10.6038,0.193865,0.140226,10389
1841,530.986,9.50208,0.183466,0.111515,10389
1840,546.996,12.4554,0.208846,0.131381,10389
1839,592.684,13.9258,0.214779,0.205821,10389
1838,638.764,15.5893,0.220783,0.186647,10389
1541,574.684,14.544,0.215006,0.248253,10389
1540,599.655,13.8604,0.211523,0.219781,10389
1837,657.475,12.7457,0.157423,0.167264,10389
1836,569.838,14.3097,0.167169,0.193495,10389
1835,533.433,10.4373,0.146316,0.131823,10389
1834,592.704,11.2751,0.188169,0.149789,10389
1833,525.94,9.3727,0.16758,0.119249,10389
1832,474.866,9.86489,0.164414,0.120461,10389
1831,464.191,9.62381,0.141992,0.144832,10389
1830,438.57,11.1419,0.16987,0.175313,10389
1829,505.067,15.2436,0.167484,0.186831,10389
1828,417.7,12.0709,0.141704,0.148519,10389
1827,475.267,14.2503,0.144587,0.157096,10389
1826,456.877,15.4264,0.163433,0.192621,10389
1825,522.792,15.0186,0.278252,0.221867,10389
1824,513.932,20.6399,0.17386,0.22246,10389
1676,580.79,13.5317,0.267957,0.292006,10389
1254,915.897,7.96735,0.356393,0.123806,10389
1147,776.928,10.6987,0.253222,0.15902,10389
1253,716.8,6.77161,0.310188,0.099768,10389
1148,733.983,9.82944,0.237621,0.108592,10389
1252,679.86,6.79733,0.268675,0.0863382,10389
1149,837.799,12.094,0.466236,0.177809,10389
1251,638.631,7.22313,0.970874,0.32395,10389
1150,682.315,9.07783,0.271185,0.114676,10389
1250,696.753,7.98983,0.438416,0.147648,10389
1151,641.108,9.912,0.328712,0.146623,10389
1249,753.681,7.17019,0.33948,0.11391,10389
1152,692.595,8.90414,0.335701,0.144141,10389
1248,639.403,6.59617,0.566982,0.132016,10389
1153,734.446,9.63373,0.198061,0.103249,10389
1247,799.687,8.76477,0.308344,0.119645,10389
1246,805.92,8.40798,0.312646,0.109911,10389
1245,739.416,8.0095,0.310567,0.110922,10389
1244,651.853,7.05647,0.250963,0.120091,10389
1156,657.506,8.81596,0.230753,0.104534,10389
1243,463.581,7.39932,0.189773,0.108645,10389
1157,447.012,13.0581,0.652858,0.308292,10389
1242,348.306,8.32625,0.32542,0.250253,10389
1158,344.69,8.83731,0.171169,0.0765144,10389
1241,342.221,14.1869,0.274422,0.200521,10389
1159,287.63,8.20645,0.144219,0.0967157,10389
1240,364.301,16.3829,0.397246,0.207019,10389
1160,341.244,6.25959,0.0921497,0.0972302,10389
1239,289.872,24.56,0.312105,0.160064,10389
1161,418.507,6.09882,0.134073,0.101375,10389
1238,453.164,5.08053,0.140055,0.144763,10389
1162,459.22,7.12761,0.154232,0.0982727,10389
1237,4095,0,0,0,10389
1154,1075.62,10.6147,0.264545,0.164339,10389
1438,621.908,9.90999,0.112147,0.127149,10389
1439,448.387,9.70298,0.107002,0.124466,10389
1440,563.28,6.86838,0.0948335,0.0950002,10389
1441,471.799,8.12701,0.108364,0.0914414,10389
1442,520.538,9.75129,0.128165,0.15957,10389
1443,453.413,10.2467,0.158781,0.130635,10389
1444,486.786,8.908,0.115891,0.105564,10389
1445,416.565,8.4777,0.130669,0.0997889,10389
1446,467.914,9.97032,0.108769,0.106932,10389
1447,443.277,12.127,0.154816,0.13938,10389
1448,2067.22,1.49734,0.0706321,0.0101275,10389
1449,589.434,8.73755,0.12361,0.133754,10389
1450,540.675,10.8874,0.12224,0.116486,10389
1451,671.212,11.7203,0.128426,0.138403,10389
1146,960.167,15.0118,0.417177,0.197978,10389
1163,573.153,15.5221,0.343654,0.16143,10389
1424,532.043,8.16246,0.145552,0.0936115,10389
1425,422.612,8.83933,0.135737,0.0962714,10389
1426,494.715,7.46767,0.122582,0.0756396,10389
1427,379.233,7.66913,0.115293,0.10652,10389
1428,363.547,7.73542,0.0860336,0.0908178,10389
1429,363.073,7.81329,0.0972092,0.0857335,10389
1430,358.726,7.99867,0.0904107,0.0871309,10389
1431,350.622,9.81023,0.0840201,0.111747,10389
1432,405.795,10.5951,0.101113,0.111445,10389
1433,500.926,12.1458,0.124624,0.132985,10389
1434,402.665,7.64019,0.0763442,0.0868372,10389
1435,559.155,11.1642,0.104664,0.137805,10389
1436,490.23,9.48188,0.0862544,0.103937,10389
1437,572.593,10.7045,0.142461,0.127421,10389
1155,844.21,10.4291,0.256382,0.153405,10389
1263,682.904,7.54314,0.253926,0.103436,10389
1262,583.805,5.59283,0.23858,0.113915,10389
1138,535.673,9.92579,0.131881,0.119249,10389
1261,575.266,7.23771,0.428668,0.134631,10389
1139,519.261,8.93153,0.353161,0.140854,10389
1260,511.024,6.77885,0.419296,0.109142,10389
1140,604.17,7.39078,0.214102,0.104286,10389
1259,486.26,7.93603,0.338146,0.106589,10389
1141,598.352,10.0079,0.338117,0.114151,10389
1258,452.613,8.7398,0.359115,0.139398,10389
1142,624.053,8.15251,0.277376,0.110254,10389
1257,534.574,5.49318,0.240389,0.0833177,10389
1143,733.462,8.75493,0.247637,0.0965261,10389
1256,3132.59,4.83441,0.174834,0.0568958,10389
1144,767.205,8.84364,0.380434,0.116405,10389
1255,887.668,7.34228,0.541515,0.137184,10389
1272,533.816,7.00157,0.150786,0.114079,10389
1129,489.332,10.5655,0.142693,0.129289,10389
1271,435.022,6.98244,0.174328,0.0953856,10389
1130,427.722,3.00278,0.0508755,0.0349972,10389
1270,401.291,9.04451,0.153208,0.101557,10389
1131,437.607,18.5771,0.343,0.220935,10389
1269,3883.27,9.5136,0.121788,0.0580867,10389
1132,351.987,6.25033,0.120061,0.0996175,10389
1268,407.033,6.78356,0.149408,0.0895358,10389
1133,399.509,6.87757,0.136176,0.101576,10389
1267,547.639,7.65467,0.170703,0.0925631,10389
1134,451.534,6.4658,0.147452,0.126193,10389
1266,548.1,8.56102,0.170111,0.104624,10389
1135,456.353,7.53616,0.153784,0.12147,10389
1265,798.552,8.27075,0.263019,0.110307,10389
1264,651.226,6.83794,0.183223,0.106002,10389
1145,895.668,11.7175,0.293718,0.137655,10389
1452,474.876,7.37348,0.0959548,0.0879228,10389
1453,402.209,9.33662,0.107894,0.117924,10389
1454,410.417,6.97934,0.0863223,0.0831741,10389
1455,383.636,9.67065,0.0943884,0.123071,10389
1456,390.069,6.82221,0.0938334,0.103694,10389
1457,367.434,6.7332,0.0744779,0.0938207,10389
1458,366.785,5.27862,0.0801455,0.0692249,10389
1459,388.02,7.18094,0.0829581,0.100043,10389
1460,396.424,8.10444,0.0790825,0.100648,10389
1461,394.194,8.05633,0.0817471,0.114804,10389
1462,413.309,8.34996,0.0907579,0.108557,10389
1463,486.784,7.09702,0.0802621,0.0774221,10389
1464,473.959,5.61637,0.0787779,0.0704695,10389
1465,548.511,6.01216,0.0903798,0.0772926,10389
1137,637.483,13.2185,0.19051,0.149149,10389
1136,736.899,9.3275,0.160388,0.115485,10389
1466,585.173,5.07919,0.0942023,0.0698122,10389
1467,496.38,5.63557,0.0986475,0.0818618,10389
1468,483.95,5.22482,0.0841614,0.0732495,10389
1469,435.707,5.24415,0.0919947,0.0677988,10389
1470,411.213,5.37084,0.0730037,0.0768663,10389
1471,460.352,4.89584,0.088758,0.0704735,10389
1472,0,0,0,0,10389
1473,431.362,6.42782,0.113377,0.0923266,10389
1474,473.582,6.42539,0.0981087,0.0767383,10389
1475,478.271,6.79192,0.0946926,0.0758788,10389
1476,537.165,5.83297,0.0973398,0.0749378,10389
1477,520.222,8.24752,0.13132,0.116297,10389
1478,543.496,8.15469,0.115247,0.0817375,10389
1479,682.439,7.21706,0.149003,0.0882617,10389
1128,682.825,9.54468,0.16564,0.117591,10389
1290,716.024,9.55659,0.2309,0.159642,10389
1111,672.16,8.72543,0.244505,0.112095,10389
1289,508.926,7.48568,0.19793,0.113473,10389
1112,603.917,7.86998,0.396563,0.10821,10389
1288,471.954,6.8705,0.160603,0.0922168,10389
1113,661.436,7.80396,0.316008,0.114659,10389
1287,481.891,7.01739,0.198151,0.103879,10389
1114,588.341,6.83365,0.20144,0.10486,10389
1286,452.947,5.67193,0.202465,0.105147,10389
1115,503.417,8.00129,0.2043,0.121827,10389
1285,444.273,6.17491,0.152711,0.102668,10389
1116,452.644,9.21027,0.162191,0.134883,10389
1284,515.734,6.74817,0.199976,0.13953,10389
1117,515.356,8.73049,0.21664,0.119973,10389
1283,598.671,7.99766,0.138135,0.112448,10389
1282,710.999,5.81236,0.102403,0.137188,10389
1281,692.403,9.17918,0.184072,0.157677,10389
1280,533.945,9.58803,0.183528,0.112592,10389
1120,541.667,7.67638,0.158436,0.121241,10389
1279,419.4,8.733,0.201618,0.125891,10389
1121,476.03,7.24387,0.154698,0.102982,10389
1278,418.798,8.80591,0.179824,0.10994,10389
1122,338.442,10.5699,0.463423,0.541282,10389
1277,369.332,8.38411,0.201534,0.145638,10389
1123,360.384,7.72129,0.126276,0.113901,10389
1276,365.94,6.81035,0.164025,0.111627,10389
1124,369.034,10.3776,0.281933,0.214273,10389
1275,425.886,7.68627,0.175291,0.115539,10389
1125,468.866,8.48998,0.1598,0.0989669,10389
1274,553.385,7.07791,0.139717,0.109946,10389
1126,576.469,8.29597,0.255204,0.150935,10389
1273,664.628,8.57306,0.193344,0.137697,10389
1118,583.795,5.78434,0.142014,0.0880986,10389
1494,413.707,6.96468,0.0983232,0.0831905,10389
1495,370.022,5.79085,0.0815739,0.0817792,10389
1496,295.863,5.88647,0.0919768,0.0844907,10389
1497,358.061,5.40894,0.0911439,0.0797321,10389
1498,349.407,5.01957,0.0878689,0.080755,10389
1499,3632.16,1.98379,0.044402,0.0175028,10389
1500,297.471,5.23531,0.0897867,0.0967042,10389
1501,353.493,6.85116,0.100811,0.0825883,10389
1502,286.142,5.04918,0.0869846,0.0812302,10389
1503,316.143,5.47094,0.0914638,0.0797745,10389
1504,326.583,5.04772,0.0872952,0.101554,10389
1505,365.613,6.01706,0.0945469,0.079593,10389
1506,408.105,6.24469,0.103593,0.0983188,10389
1507,480.088,6.28538,0.0900972,0.0919482,10389
1110,899.927,11.6498,0.356604,0.18108,10389
1127,636.539,9.53899,0.233488,0.184329,10389
1480,463.703,5.7846,0.0965566,0.0767977,10389
1481,482.296,7.84,0.145102,0.116062,10389
1482,439.244,5.33215,0.0833069,0.0970034,10389
1483,501.918,6.13629,0.110198,0.090251,10389
1484,459.815,5.40211,0.0833759,0.062263,10389
1485,418.792,6.20194,0.0953609,0.082223,10389
1486,458.557,5.93391,0.13576,0.125759,10389
1487,449.32,5.9281,0.110908,0.101154,10389
1488,456.685,5.4956,0.0877692,0.0978849,10389
1489,506.728,7.15183,0.122503,0.128322,10389
1490,485.802,5.74182,0.081863,0.0900214,10389
1491,523.122,5.21056,0.079856,0.0742032,10389
1492,493.992,5.0964,0.0800089,0.0878649,10389
1493,540.293,5.82321,0.0974201,0.0957643,10389
1119,647.926,5.03816,0.105409,0.0809569,10389
1299,724.518,8.26101,0.207074,0.0946747,10389
1298,667.92,7.05781,0.171216,0.0881747,10389
1102,561.124,9.33815,0.141727,0.144624,10389
1297,588.795,6.10937,0.17346,0.0673378,10389
1103,547.402,14.5113,1.43029,1.36032,10389
1296,545.51,7.17805,0.174849,0.112268,10389
1104,630.603,9.09676,0.463117,0.153782,10389
1295,480.106,5.22256,0.146547,0.0782521,10389
1105,617.464,6.79651,0.172952,0.094569,10389
1294,465.291,6.46618,0.142908,0.0744226,10389
1106,554.709,7.48254,0.310784,0.0964244,10389
1293,618.17,7.43932,0.231547,0.0929228,10389
1107,649.409,6.79548,0.220268,0.108572,10389
1292,547.481,8.19437,0.16332,0.0994219,10389
1108,766.383,7.72169,0.384112,0.113392,10389
1291,658.016,8.71366,0.161501,0.0875116,10389
1308,628.904,14.7495,0.175233,0.186784,10389
1093,483.254,2.53174,0.0346583,0.0352647,10389
1307,402.452,11.2551,0.155527,0.154147,10389
1094,648.345,17.1807,0.475926,0.205541,10389
1306,452.476,12.5313,0.150528,0.169213,10389
1095,464.634,10.0421,0.136382,0.137028,10389
1305,428.874,16.6194,0.195256,0.160781,10389
1096,449.825,14.091,0.239515,0.177648,10389
1304,333.74,12.6869,0.106858,0.176148,10389
1097,455.727,14.4426,0.201568,0.178175,10389
1303,395.492,11.4373,0.130246,0.155888,10389
1098,340.277,10.6875,0.122632,0.122732,10389
1302,528.956,10.6415,0.140665,0.118036,10389
1099,475.401,13.1165,0.130434,0.12589,10389
1301,546.825,9.22781,0.130437,0.0917769,10389
1300,694.865,9.9949,0.199907,0.123028,10389
1109,690.477,8.41797,0.335483,0.123223,10389
1508,405.058,5.15984,0.0829351,0.063856,10389
1509,376.991,5.06029,0.0897523,0.093275,10389
1510,302.248,2.97235,0.0761383,0.08378,10389
1511,338.063,4.42822,0.0823075,0.0719168,10389
1512,287.828,4.49829,0.0805465,0.0662694,10389
1513,278,4.20918,0,0.000744947,10389
1514,263.614,4.24865,0.0763151,0.0670065,10389
1515,242.978,4.51187,0.106629,0.0633168,10389
1516,221.604,4.01983,0.0607889,0.0529642,10389
1517,217.61,3.99543,0.0697849,0.0663919,10389
1518,0,0,0,0,10389
1519,270.607,6.10426,0.0799582,0.0663302,10389
1520,346.173,5.37884,0.0761051,0.0628014,10389
1521,468.117,5.16051,0.0751536,0.0533175,10389
1101,2904.5,1.27944,0.0211884,0.0134478,10389
1100,559.976,12.8087,0.147111,0.175683,10389
1522,474.247,5.4009,0.0771813,0.0739113,10389
1523,396.919,4.76312,0.0695221,0.056235,10389
1524,454.448,3.94813,0.0705499,0.0582557,10389
1525,390.616,5.16777,0.0730348,0.0957328,10389
1526,385.793,7.26231,0.175247,0.173025,10389
1527,464.867,5.31921,0.0746301,0.0637424,10389
1528,368.201,5.83971,0.0732026,0.0734898,10389
1529,396.273,5.14882,0.0693904,0.0611601,10389
1530,417.876,6.89044,0.0825638,0.0788085,10389
1531,413.642,6.03668,0.0881214,0.0734985,10389
1532,465.99,5.16685,0.0805079,0.0660394,10389
1533,482.864,4.97215,0.0771138,0.0653795,10389
1534,489.45,6.30221,0.0903381,0.0852213,10389
1535,498.49,6.4479,0.157277,0.260019,10389
1092,797.318,9.54125,0.407702,0.108605,10389
1182,701.132,10.6551,0.22535,0.141043,10389
1075,683.165,11.1367,0.20081,0.138298,10389
1181,519.472,7.40746,0.248846,0.113033,10389
1076,617.238,10.192,0.219175,0.124293,10389
1180,452.118,7.21884,0.169233,0.109773,10389
1077,607.118,9.49695,0.19693,0.106331,10389
1179,474.59,7.19484,0.214494,0.0904856,10389
1078,524.226,8.48858,0.253881,0.122129,10389
1178,492.84,8.1434,0.152047,0.113253,10389
1079,592.252,7.96227,0.188055,0.0986474,10389
1177,529.838,8.8695,0.262391,0.104331,10389
1080,683.993,8.73986,0.341079,0.114728,10389
1176,590.934,9.57285,0.292156,0.122699,10389
1081,748.604,8.04842,0.171702,0.0921121,10389
1175,666.184,10.8699,0.237373,0.124367,10389
1174,713.756,10.3765,0.154288,0.147805,10389
1173,659.368,11.057,0.272233,0.156151,10389
1172,555.875,13.5091,0.315381,0.182981,10389
1084,665.98,10.0165,0.236721,0.119001,10389
1171,385.304,13.0531,0.250386,0.151408,10389
1085,602.699,12.4412,0.238067,0.141638,10389
1170,396.558,8.56049,0.157163,0.111401,10389
1086,479.944,14.4111,0.312123,0.185977,10389
1169,329.037,6.86237,0.118447,0.12084,10389
1087,448.082,12.1198,0.298102,0.14488,10389
1168,351.319,8.87346,0.14282,0.103651,10389
1088,505.842,9.99759,0.253345,0.138906,10389
1311,417.286,14.3819,0.169777,0.169221,10389
1089,514.438,11.6008,0.247536,0.135823,10389
1310,511.687,15.3126,0.196765,0.206269,10389
1090,594.217,9.00356,0.136748,0.106113,10389
1309,597.221,12.1716,0.131435,0.152,10389
1082,782.055,8.72195,0.16387,0.139346,10389
1409,400.861,8.85954,0.178595,0.133747,10389
1408,405.225,11.1169,0.121408,0.144932,10389
1407,364.683,7.14915,0.106039,0.0813487,10389
1406,417.778,12.6933,0.161523,0.126936,10389
1405,314.434,10.7854,0.135102,0.111388,10389
1404,351.421,10.4366,0.116792,0.0997893,10389
1403,335.433,9.49693,0.152756,0.103953,10389
1402,324,9.86384,0.106984,0.114783,10389
1401,323.375,10.2224,0.116019,0.105698,10389
1400,421.006,8.47321,0.102486,0.0915658,10389
1399,404.944,8.97545,0.125968,0.0968857,10389
1398,461.448,8.66687,0.0923835,0.100772,10389
1397,376.339,9.75222,0.10905,0.117864,10389
1396,525.636,7.94936,0.0785291,0.0893194,10389
1074,773.648,10.3336,0.273159,0.151655,10389
1091,506.512,13.4272,0.205295,0.189718,10389
1423,1782.95,1.42202,0.0876161,0.0169374,10389
1422,457.899,7.76207,0.135161,0.100252,10389
1421,279.73,6.23864,0.0870701,0.0698858,10389
1420,308.463,10.7038,0.245709,0.235912,10389
1419,247.528,7.32677,0.100961,0.0993404,10389
1418,297.662,6.72788,0.0820584,0.0909407,10389
1417,296.064,8.49065,0.227719,0.108591,10389
1416,252.944,8.59723,0.100323,0.0896986,10389
1415,301.739,7.14523,0.102062,0.0737865,10389
1414,333.848,6.48001,0.0759463,0.0726833,10389
1413,300.567,6.80529,0.0938292,0.102491,10389
1412,345.366,7.09041,0.0911478,0.0811157,10389
1411,354.733,1.36622,0.0177105,0.011193,10389
1410,450.518,9.53501,0.120836,0.123457,10389
1083,756.863,8.2173,0.220863,0.156384,10389
1191,796.393,8.49925,0.239903,0.127435,10389
1190,585.925,11.1505,0.293223,0.393694,10389
1066,665.325,7.22079,0.216428,0.092415,10389
1189,519.232,7.35093,0.199292,0.123979,10389
1067,621.317,8.70513,0.215805,0.0889546,10389
1188,557.636,7.53128,0.162498,0.0918079,10389
1068,539.378,9.14998,0.228228,0.0962178,10389
1187,504.383,6.99341,0.231436,0.107946,10389
1069,545.248,7.09215,0.264859,0.0926586,10389
1186,543.455,6.44582,0.239154,0.101768,10389
1070,601.69,7.55386,0.197022,0.0971294,10389
1185,566.234,6.44965,0.210515,0.108601,10389
1071,626.95,7.09069,0.301874,0.0927513,10389
1184,671.773,6.936,0.152542,0.105145,10389
1072,852.528,8.90199,0.184032,0.0991526,10389
1183,837.892,10.4175,0.276121,0.17679,10389
1200,689.201,7.51563,0.218693,0.105919,10389
1057,496.197,11.6472,0.240457,0.162983,10389
1199,556.202,7.13311,0.165252,0.100791,10389
1058,454.201,2.21939,0.0454553,0.0337689,10389
1198,495.108,6.77163,0.250504,0.102306,10389
1059,444.366,12.6057,0.534255,0.206114,10389
1197,515.606,6.99394,0.329342,0.116045,10389
1060,348.419,8.81523,0.147619,0.114285,10389
1196,531.472,8.14748,0.327433,0.104454,10389
1061,457.605,6.69281,0.153194,0.109242,10389
1195,543.357,8.83186,0.165769,0.102508,10389
1062,549.011,5.84759,0.17709,0.0899091,10389
1194,579.882,8.05262,0.242897,0.121054,10389
1063,619.258,7.09788,0.241633,0.096038,10389
1193,671.347,7.71167,0.318674,0.0995964,10389
1192,670.988,7.66981,0.157411,0.10142,10389
1073,760.806,14.0889,0.595616,0.462523,10389
1395,487.768,6.77731,0.112795,0.0898908,10389
1394,436.945,6.14574,0.119614,0.0722466,10389
1393,422.516,6.25791,0.0892792,0.0738176,10389
1392,412.685,7.58947,0.106474,0.0837153,10389
1391,389.74,6.84036,0.0859916,0.0970663,10389
1390,398.426,6.89746,0.123781,0.0900571,10389
1389,384.173,6.4515,0.0941655,0.10046,10389
1388,388.269,6.16754,0.100152,0.0934816,10389
1387,330.224,5.89525,0.0779589,0.0837495,10389
1386,385.505,7.82701,0.175831,0.133413,10389
1385,414.124,6.80086,0.105913,0.0871006,10389
1384,404.3,6.35055,0.0969062,0.0801069,10389
1383,452.605,5.72236,0.105112,0.10172,10389
1382,522.689,5.63603,0.0979271,0.0737892,10389
1065,755.071,10.446,0.222625,0.135903,10389
1064,820.795,12.4659,0.486575,0.176239,10389
1381,521.635,5.09136,0.101462,0.087166,10389
1380,425.861,5.88636,0.100034,0.0703924,10389
1379,406.523,6.28855,0.0793668,0.076393,10389
1378,358.845,6.51466,0.107944,0.0819689,10389
1377,369.587,6.58828,0.120543,0.0871951,10389
1376,391.495,7.05652,0.144221,0.149536,10389
1375,391.824,5.31763,0.0836239,0.0855262,10389
1374,358.779,6.49305,0.0997475,0.078091,10389
1373,387.945,7.15116,0.160842,0.110011,10389
1372,414.92,5.95609,0.145856,0.0806197,10389
1371,464.387,6.37189,0.135275,0.0732654,10389
1370,434.411,5.96831,0.145821,0.0761061,10389
1369,538.887,6.79996,0.132565,0.0854802,10389
1368,533.208,5.82614,0.106902,0.0727991,10389
1056,634.933,10.0314,0.192626,0.157093,10389
1218,473.002,11.4102,0.149069,0.143224,10389
1039,596.1,9.41374,0.20003,0.138334,10389
1217,368.698,18.3576,0.30097,0.231203,10389
1040,500.712,11.3195,0.274797,0.181732,10389
1216,374.989,13.8837,0.146796,0.17825,10389
1041,413.257,11.2058,0.166411,0.160644,10389
1215,366.057,8.70998,0.13557,0.131872,10389
1042,349.566,8.58132,0.162879,0.146897,10389
1214,330.474,6.23796,0.130475,0.115564,10389
1043,448,0,0,0,10389
1213,370.438,5.4911,0.145985,0.199321,10389
1044,405.014,7.32461,0.154855,0.133069,10389
1212,424.192,6.22953,0.11511,0.151263,10389
1045,382.919,8.08553,0.206238,0.150211,10389
1211,477.698,5.68609,0.0933791,0.150655,10389
1210,527.987,6.715,0.1197,0.125868,10389
1209,533.234,7.32588,0.148404,0.147469,10389
1208,519.748,6.81706,0.129074,0.17258,10389
1048,451.036,15.3933,0.268055,0.217081,10389
1207,417.042,6.05864,0.10322,0.118399,10389
1049,484.598,16.7268,0.298643,0.220204,10389
1206,419.968,8.60681,0.163741,0.107375,10389
1050,383.096,11.2951,0.388995,0.198172,10389
1205,352.099,7.22901,0.118031,0.120348,10389
1051,395.338,9.65592,0.243619,0.223364,10389
1204,393.629,5.4005,0.142242,0.0914571,10389
1052,484.043,11.5554,0.212683,0.148905,10389
1203,2260.51,1.32989,0.0171617,0.0156849,10389
1053,483.751,10.7884,0.196653,0.136753,10389
1202,471.253,2.8698,0.0566026,0.0454728,10389
1054,588.694,8.39684,0.175325,0.125793,10389
1201,712.373,14.6001,0.371469,0.264592,10389
1046,592.891,10.8848,0.151014,0.137982,10389
1353,489.175,5.33681,0.100056,0.0953966,10389
1352,426.439,4.61598,0.13994,0.0981302,10389
1351,388.285,6.17831,0.107936,0.150298,10389
1350,416.649,6.86236,0.0820905,0.0859329,10389
1349,353.531,6.08114,0.0873557,0.0888151,10389
1348,348.733,6.04228,0.0763342,0.085983,10389
1347,406.352,5.64168,0.0830718,0.0899333,10389
1346,393.898,5.2874,0.0947211,0.0709179,10389
1345,346.165,5.31144,0.0695063,0.0869206,10389
1344,419.601,5.52229,0.0725536,0.0865151,10389
1343,459.16,5.73333,0.167905,0.124702,10389
1342,512.742,6.38545,0.105319,0.137055,10389
1341,455.672,5.10528,0.100652,0.06929,10389
1340,521.651,5.79348,0.0828329,0.0858588,10389
1038,753.196,9.42515,0.346021,0.250843,10389
1055,712.663,9.11938,0.247337,0.17467,10389
1367,471.897,5.05987,0.099697,0.117014,10389
1366,436.874,6.23853,0.53192,0.27195,10389
1365,408.31,4.34055,0.0826861,0.0871809,10389
1364,428.385,4.72725,0.109048,0.128718,10389
1363,387.999,4.28717,0.0898116,0.120746,10389
1362,477.251,4.78015,0.133094,0.0987138,10389
1361,393.543,4.49692,0.0936876,0.0838714,10389
1360,403.159,4.85003,0.10077,0.0979472,10389
1359,392.254,4.22982,0.086485,0.072165,10389
1358,376.986,6.22582,0.191797,0.158505,10389
1357,406.748,5.08021,0.0818902,0.0943867,10389
1356,424.069,4.60347,0.103509,0.0876851,10389
1355,541.831,6.16705,0.139569,0.145145,10389
1354,616.3,6.44868,0.132614,0.126815,10389
1047,573.314,12.5465,0.200001,0.183361,10389
1227,576.752,15.8932,0.345908,0.196033,10389
1226,439.62,10.6206,0.188783,0.154087,10389
1030,431.372,10.8633,0.354475,0.221154,10389
1225,378.152,9.76351,0.17568,0.134796,10389
1031,390.324,9.00758,0.211505,0.15567,10389
1224,304.33,8.33931,0.13687,0.103175,10389
1032,402.987,9.55078,0.156754,0.0979522,10389
1223,306.202,8.59982,0.142089,0.104102,10389
1033,294.447,10.7486,0.124644,0.112336,10389
1222,344.63,7.26388,0.122745,0.0826498,10389
1034,278.25,8.83379,0.112892,0.0877607,10389
1221,313.31,7.20705,0.103,0.110454,10389
1035,348.902,8.76367,0.129817,0.0920037,10389
1220,408.334,6.24054,0.114148,0.091203,10389
1036,379.624,9.78314,0.160796,0.102267,10389
1219,465.003,6.99795,0.103088,0.0866266,10389
1236,668.385,11.851,0.215687,0.125257,10389
1165,565.964,10.3153,0.465473,0.160981,10389
1235,564.53,8.09972,0.343343,0.131865,10389
1166,532.847,8.50877,0.203327,0.0980493,10389
1234,468.739,6.60948,0.162408,0.0820322,10389
1167,536.563,9.7017,0.273498,0.109581,10389
1233,527.204,6.79404,0.134993,0.0766157,10389
1024,533.209,9.21313,0.168476,0.105533,10389
1232,508.569,7.86353,0.211906,0.120328,10389
1025,497.87,10.3897,0.47959,0.157977,10389
1231,489.569,8.79067,0.145539,0.102083,10389
1026,549.203,10.3538,0.346601,0.164418,10389
1230,520.949,8.28516,0.135211,0.117014,10389
1027,636.057,13.1551,0.340854,0.166741,10389
1229,595.613,9.0364,0.160973,0.100104,10389
1228,653.498,12.7746,0.258044,0.150587,10389
1037,646.108,10.6505,0.172161,0.153438,10389
1339,493.038,6.25681,0.103576,0.0692812,10389
1338,403.676,8.86805,0.0958992,0.092476,10389
1337,469.871,5.53581,0.0765903,0.0681569,10389
1336,394.552,4.77759,0.0600614,0.0543908,10389
1335,401.35,5.3267,0.0732122,0.0728058,10389
1334,413.924,5.41148,0.0728318,0.0709996,10389
1333,433.057,4.76743,0.0657548,0.0558759,10389
1332,394.713,4.72352,0.0655295,0.0542118,10389
1331,480.947,4.82958,0.0664666,0.0659062,10389
1330,480.455,5.20912,0.0719221,0.0704,10389
1329,430.268,4.24082,0.116061,0.130886,10389
1328,514.671,3.063,0.0761846,0.115591,10389
1327,489.35,15.8631,0.237271,0.121065,10389
1326,536.326,4.88834,0.0696998,0.0675761,10389
1029,743.674,11.9473,0.185679,0.0951582,10389
1028,588.802,10.495,0.252056,0.149092,10389
1325,426.888,5.27534,0.0980563,0.121644,10389
1324,363.636,4.80312,0.0831544,0.071076,10389
1323,330.248,4.19469,0.0613245,0.0462874,10389
1322,337.87,5.38659,0.0736345,0.0720196,10389
1321,343.367,5.67439,0.090073,0.0774219,10389
1320,294.127,5.65571,0.0818545,0.0714947,10389
1319,313.582,5.79618,0.0879177,0.106906,10389
1318,321.852,5.33191,0.132847,0.152285,10389
1317,264.806,5.29399,0.0718378,0.0763795,10389
1316,264.153,4.76946,0.0741412,0.0697526,10389
1315,286.007,9.43127,2.43428,0.704448,10389
1314,340.205,5.21838,0.0777251,0.0663832,10389
1313,374.709,8.45658,0.121002,0.121487,10389
1312,431.459,7.85934,0.108462,0.142526,10389
1164,561.42,18.2284,0.593605,0.222907,10389
230,610.247,15.7704,0.204677,0.166744,10389
123,517.818,7.73721,0.149265,0.153025,10389
229,449.302,16.3361,0.240191,0.206973,10389
124,472.867,7.1776,0.139767,0.130765,10389
228,426.079,12.1792,0.126327,0.127801,10389
125,445.283,7.90234,0.182904,0.131121,10389
227,389.853,10.763,0.136443,0.132238,10389
126,388.81,6.66934,0.158966,0.171425,10389
226,401.364,8.93019,0.129269,0.106798,10389
127,467.366,7.08645,0.123353,0.114299,10389
225,372.033,12.3939,0.147901,0.140246,10389
128,544.352,7.82026,0.144232,0.127858,10389
224,494.336,11.4882,0.146484,0.171803,10389
129,530.132,7.26697,0.11815,0.118726,10389
223,545.79,10.8994,0.150496,0.11014,10389
222,686.594,13.099,0.208869,0.173556,10389
221,600.861,12.1,0.22782,0.139217,10389
220,472.849,9.51744,0.11085,0.103408,10389
132,426.701,9.12068,0.137373,0.136794,10389
219,415.958,10.7565,0.139857,0.116414,10389
133,377.417,8.61953,0.187119,0.17,10389
218,339.688,7.47546,0.13873,0.105036,10389
134,355.649,7.70219,0.216044,0.138551,10389
217,350.299,7.14112,0.126906,0.113831,10389
135,329.129,7.22989,0.122235,0.141501,10389
216,345.862,14.9088,0.259106,0.289333,10389
136,465.8,7.20145,0.12449,0.0989585,10389
215,423.192,2.74562,0.0412912,0.0343491,10389
137,362.952,7.44058,0.132079,0.111637,10389
214,462.102,2.85254,0.0525313,0.0372482,10389
138,489.479,8.44694,0.156598,0.124072,10389
213,557.283,2.80283,0.0449793,0.0458416,10389
130,632.657,9.95477,0.173851,0.174171,10389
414,483.262,17.3901,0.146049,0.212002,10389
415,470.581,14.8573,0.211015,0.198295,10389
416,424.329,16.9335,0.140669,0.189165,10389
417,430.853,10.7364,0.136823,0.17757,10389
418,463.398,10.0723,0.204052,0.134177,10389
419,423.047,10.5076,0.124137,0.115714,10389
420,406.812,8.63375,0.118336,0.0988852,10389
421,471.672,11.302,0.206036,0.146727,10389
422,384.957,14.7051,0.340935,0.185111,10389
423,455.497,14.4796,0.266005,0.191647,10389
424,464.042,13.8999,0.330772,0.191145,10389
425,449.9,12.4672,0.558707,0.149483,10389
426,477.872,11.1347,0.208523,0.129985,10389
427,541.335,12.8554,0.323942,0.201933,10389
122,552.954,11.4827,0.18518,0.145467,10389
139,607.687,15.8802,0.217471,0.222274,10389
400,514.882,16.9602,0.163041,0.168003,10389
401,509.026,29.6014,0.248245,0.329326,10389
402,427.67,15.9552,0.177969,0.190642,10389
403,462.864,15.4769,0.186666,0.24242,10389
404,432.1,19.125,0.208525,0.198408,10389
405,452.872,20.9873,0.251929,0.251652,10389
406,432.883,18.7103,0.221701,0.223493,10389
407,461.397,19.1631,0.15456,0.261475,10389
408,408.039,15.1574,0.182587,0.203253,10389
409,392.696,18.0011,0.180771,0.207644,10389
410,2045.21,0.851331,0.0440358,0.00895152,10389
411,423.244,19.0743,0.167765,0.238185,10389
412,459.778,20.1084,0.14663,0.248756,10389
413,478.108,18.9105,0.169152,0.221037,10389
131,597.262,8.25338,0.129141,0.132835,10389
239,603.763,9.76665,0.166956,0.133047,10389
238,456.655,8.85043,0.151464,0.165472,10389
114,347.512,7.76153,0.171702,0.146787,10389
237,2060.66,2.61054,0.102939,0.0254551,10389
115,292.109,5.32753,0.112242,0.0915202,10389
236,345.631,8.79496,0.143892,0.104202,10389
116,1511.24,1.60582,0.000821995,0.00925262,10389
235,391.951,9.16923,0.156764,0.141605,10389
117,265.232,6.14408,0.139026,0.131079,10389
234,342.422,9.38263,0.148664,0.114076,10389
118,325.492,5.92143,0.117554,0.137637,10389
233,330.669,5.99127,0.0954577,0.0701273,10389
119,331.433,6.72622,0.13478,0.124457,10389
232,344.154,8.46006,0.117438,0.0967028,10389
120,430.695,7.86189,0.15555,0.138304,10389
231,545.874,14.9063,0.182853,0.176673,10389
248,603.202,10.6063,0.230448,0.17155,10389
105,477.823,9.20587,0.228192,0.120898,10389
247,439.346,9.57759,0.222718,0.190398,10389
106,358.359,2.34324,0.03962,0.0365164,10389
246,347.631,9.72637,0.145901,0.128649,10389
107,356.352,16.211,0.300288,0.304336,10389
245,342,9.65842,0.181675,0.143365,10389
108,352.603,9.21739,0.132374,0.110599,10389
244,388.818,10.7101,0.208329,0.160434,10389
109,336.298,7.86911,0.156186,0.105422,10389
243,404.92,9.49952,0.145566,0.119905,10389
110,354.363,7.8773,0.18014,0.124404,10389
242,410.356,9.37305,0.170133,0.137547,10389
111,462.999,6.96642,0.154636,0.139905,10389
241,509.894,10.8106,0.187469,0.161482,10389
240,566.724,10.9128,0.222294,0.189893,10389
121,497.488,11.0532,0.19716,0.204373,10389
428,366.08,13.6658,0.222815,0.157481,10389
429,413.806,12.6472,0.13362,0.130734,10389
430,341.041,9.27084,0.340539,0.127373,10389
431,403.674,11.9266,0.299174,0.157192,10389
432,414.813,10.2282,0.24014,0.106333,10389
433,350.243,11.473,0.288343,0.135117,10389
434,408.477,9.90346,0.212942,0.125939,10389
435,315.326,12.6369,0.499676,0.145774,10389
436,367.839,6.95305,0.167733,0.0832115,10389
437,411.606,8.5897,0.203776,0.0984808,10389
438,346.738,7.72773,0.182347,0.0999771,10389
439,419.297,10.9178,0.173941,0.110869,10389
440,432.138,11.1285,0.28972,0.187176,10389
441,527.872,8.2656,0.13125,0.087297,10389
113,533.66,9.2478,0.203019,0.161308,10389
112,484.437,12.1312,0.16793,0.159141,10389
442,560.185,9.09072,0.145393,0.100589,10389
443,436.019,7.98719,0.150092,0.115759,10389
444,416.287,8.59254,0.165362,0.0916554,10389
445,377.492,8.15266,0.257722,0.110348,10389
446,409.375,8.44637,0.125858,0.0938791,10389
447,379.144,9.08078,0.16536,0.121936,10389
448,411.919,7.48527,0.150089,0.094219,10389
449,378.013,7.35014,0.134961,0.117165,10389
450,341.211,4.91877,0.101599,0.0738474,10389
451,331.548,6.28264,0.109781,0.0909279,10389
452,289.236,6.46984,0.108798,0.0784377,10389
453,377.082,6.96958,0.159357,0.118051,10389
454,448.408,7.89251,0.237183,0.1366,10389
455,515.419,7.92926,0.144726,0.129634,10389
104,590.156,12.6863,0.2755,0.187071,10389
266,490.722,11.1864,0.218347,0.188115,10389
87,418.605,11.6037,0.208443,0.159013,10389
265,361.952,9.72714,0.209772,0.1428,10389
88,3971.39,1.87325,0.115703,0.021407,10389
264,309.306,10.6925,0.240409,0.166983,10389
89,337.349,9.30388,0.176016,0.127892,10389
263,289.857,9.84649,0.193954,0.115607,10389
90,282.45,10.5393,0.191378,0.149409,10389
262,303.139,8.18974,0.163865,0.171586,10389
91,353.129,11.2344,0.188857,0.189288,10389
261,327.419,7.17765,0.140969,0.139245,10389
92,348.168,9.94471,0.173965,0.156204,10389
260,388.673,11.0702,0.219481,0.163724,10389
93,434.925,19.8081,0.643202,0.389257,10389
259,515.459,9.84076,0.253569,0.175603,10389
258,536.412,8.49869,0.2094,0.130744,10389
257,517.321,8.13547,0.234463,0.158975,10389
256,506.568,7.9617,0.257141,0.184249,10389
96,400.993,13.2572,0.232773,0.4181,10389
255,438.053,9.81289,0.585687,0.266791,10389
97,419.754,23.2984,0.845767,0.363455,10389
254,359.378,63.7832,9.00145,46.6561,10389
98,395.51,7.07687,0.129582,0.068562,10389
253,322.736,4.19838,0.128975,0.356126,10389
99,394.327,5.23056,0.102201,0.0674031,10389
252,388.626,4.37918,0.188923,0.147181,10389
100,410.615,12.0443,0.566078,0.319933,10389
251,395.752,5.51929,0.111225,0.135851,10389
101,404.492,6.64983,0.167696,0.0958648,10389
250,452.303,5.36295,0.300433,0.362958,10389
102,504.82,11.9167,0.866524,0.340842,10389
249,574.693,11.0226,0.162878,0.288625,10389
94,576.371,15.3582,0.313157,0.204387,10389
470,508.784,7.86858,0.281358,0.108073,10389
471,454.933,6.27704,0.166104,0.0916771,10389
472,487.214,8.51226,0.220256,0.0919064,10389
473,472.409,7.53285,0.177689,0.0978837,10389
474,482.091,8.78111,0.20088,0.111152,10389
475,473.413,8.55886,0.204943,0.0947779,10389
476,357.129,7.65794,0.148681,0.127208,10389
477,506.783,10.1921,0.379921,0.141842,10389
478,1933.43,6.81545,0.787151,1.61753,10389
479,2156,1.55874,0.0607869,0.0131721,10389
480,352.243,7.93579,0.164251,0.124098,10389
481,443.439,7.35865,0.452355,0.133306,10389
482,566.171,14.3937,1.11529,0.301664,10389
483,524.309,8.21325,0.216792,0.123543,10389
86,466.821,13.8985,0.201913,0.186083,10389
103,595.358,12.256,0.186001,0.147764,10389
456,453.967,7.38695,0.141487,0.0947578,10389
457,479.435,8.3686,0.173249,0.131363,10389
458,398.155,5.83284,0.113351,0.0868773,10389
459,395.446,6.06384,0.113084,0.073091,10389
460,405.742,8.57579,0.129688,0.0836781,10389
461,2002.21,1.39497,0.0594695,0.0106094,10389
462,462.472,6.33477,0.126443,0.0707886,10389
463,464.54,7.2434,0.142809,0.0812683,10389
464,3410.06,2.12588,0.0520883,0.0178131,10389
465,570.055,8.14701,0.322888,0.123254,10389
466,548.547,7.20007,0.238657,0.112268,10389
467,613.442,7.85758,0.172457,0.0816673,10389
468,621.075,8.74446,0.256013,0.112512,10389
469,661.68,7.66481,0.232033,0.0876632,10389
95,612.33,9.84126,0.162048,0.130591,10389
275,621.875,10.9701,0.242582,0.191957,10389
274,464.1,9.79273,0.169878,0.157551,10389
78,518.96,11.9574,0.261856,0.182148,10389
273,438.521,11.4021,0.194594,0.177706,10389
79,388.687,11.1747,0.257702,0.204136,10389
272,403.68,8.54551,0.167082,0.145632,10389
80,967.375,1.29745,0.000821995,0.0075268,10389
271,354.344,7.952,0.176121,0.157997,10389
81,391.376,10.5091,0.175464,0.205476,10389
270,405.287,8.71411,0.194196,0.156984,10389
82,455.547,10.8213,0.219575,0.20998,10389
269,440.502,9.68616,0.197612,0.207449,10389
83,425.992,9.9972,0.210255,0.137406,10389
268,453.123,10.326,0.175547,0.210187,10389
84,524.353,10.4515,0.192353,0.197733,10389
267,677.762,10.8869,0.159468,0.161733,10389
284,446.902,22.3784,0.32974,0.24208,10389
69,348.549,11.855,0.167238,0.156645,10389
283,325.001,8.47198,0.202392,0.20638,10389
70,334.004,7.88676,0.160095,0.17344,10389
282,337.549,8.5842,0.2276,0.330898,10389
71,290.767,8.55426,0.144633,0.165841,10389
281,251.936,12.7534,0.335476,0.201725,10389
72,373.404,11.2758,0.198025,0.189421,10389
280,278.031,10.5763,0.169321,0.14644,10389
73,406.12,11.2292,0.182424,0.149031,10389
279,333.448,14.6166,0.229205,0.203961,10389
74,337.548,10.6789,0.240706,0.162875,10389
278,325.262,13.1708,0.201627,0.210368,10389
75,471.992,12.8373,0.264379,0.22611,10389
277,416.77,12.5523,0.207177,0.18688,10389
276,534.752,10.5802,0.194673,0.144803,10389
85,575.997,13.0093,0.258439,0.295249,10389
484,657.15,10.3298,0.282039,0.163788,10389
485,526.928,10.6393,0.436519,0.154677,10389
486,546.3,11.6909,0.183791,0.124546,10389
487,550.313,12.2903,0.190712,0.129134,10389
488,524.965,15.2268,0.188198,0.178349,10389
489,490.244,12.8098,0.147985,0.139778,10389
490,542.328,13.5465,0.194206,0.142755,10389
491,461.876,12.5482,0.383455,0.170056,10389
492,523.963,11.2187,0.163319,0.172034,10389
493,576.532,11.7568,0.266691,0.165657,10389
494,555.236,19.7733,0.408713,0.230899,10389
495,517.756,16.5802,0.17792,0.193795,10389
496,518.556,21.1075,0.194524,0.251977,10389
497,590.308,22.9068,0.22804,0.272661,10389
77,573.456,10.615,0.205044,0.185307,10389
76,735.888,10.958,0.192978,0.207094,10389
498,633.148,23.4584,0.209328,0.292115,10389
499,571.349,23.5533,0.267685,0.30704,10389
500,490.458,25.3934,0.196215,0.363084,10389
501,460.593,29.1376,0.206116,0.357582,10389
502,438.695,31.1753,0.239376,0.350961,10389
503,389.897,30.1885,0.281774,0.324487,10389
504,413.225,29.4283,0.228188,0.363735,10389
505,406.834,38.7725,0.220996,0.419608,10389
506,485.771,32.4869,0.203347,0.461057,10389
507,455.89,33.6189,0.208373,0.432424,10389
508,459.754,31.6673,0.202311,0.389695,10389
509,440.584,30.9952,0.246931,0.370272,10389
510,452.245,53.6252,0.32361,0.632158,10389
511,523.481,34.066,0.215617,0.455708,10389
68,616.473,17.2548,0.319487,0.240331,10389
158,780.722,16.3746,0.319201,0.234296,10389
51,570.716,9.25701,0.195887,0.188205,10389
157,525.941,14.5396,0.375621,0.231255,10389
52,391.133,9.5931,0.185537,0.212299,10389
156,445.692,14.2785,0.383485,0.177187,10389
53,379.178,11.8138,0.240393,0.162983,10389
155,421.64,12.9676,0.269234,0.164529,10389
54,279.048,11.0428,0.168842,0.13292,10389
154,440.033,13.4171,0.315779,0.231712,10389
55,404.293,11.6441,0.189866,0.130447,10389
153,467.308,12.8021,0.287303,0.187725,10389
56,374.636,12.546,0.302678,0.178674,10389
152,531.197,13.4633,0.234776,0.204327,10389
57,456.198,14.0523,0.194873,0.184696,10389
151,641.428,16.0913,0.3209,0.219862,10389
150,665.011,13.6336,0.252591,0.191208,10389
149,748.051,15.8193,0.281587,0.221781,10389
148,620.377,17.2121,0.440484,0.247977,10389
60,480.208,9.95778,0.173519,0.122154,10389
147,539.21,12.1874,0.249846,0.140446,10389
61,475.646,8.81443,0.38644,0.32678,10389
146,595.138,11.8763,0.234568,0.157443,10389
62,420.639,10.5103,0.215251,0.214473,10389
145,525.633,16.6299,0.278637,0.238464,10389
63,465.953,9.65373,0.157248,0.10649,10389
144,515.261,27.5789,0.914803,0.351242,10389
64,562.923,18.5717,0.433112,0.207246,10389
287,2132.3,1.96699,0.0720991,0.0132111,10389
65,497.087,15.3572,0.334213,0.235523,10389
286,518.477,2.67573,0.0459789,0.0300007,10389
66,658.007,11.574,0.175437,0.154865,10389
285,857.53,23.5482,0.508946,0.242022,10389
58,695.057,11.5731,0.201599,0.18124,10389
385,724.938,13.8019,0.225138,0.151993,10389
384,675.537,14.9512,0.199285,0.152879,10389
383,719.357,14.1418,0.255698,0.164164,10389
382,615.393,11.88,0.198784,0.110894,10389
381,562.554,10.8423,0.172871,0.155443,10389
380,639.252,12.6541,0.248437,0.164402,10389
379,565.77,10.3373,0.35567,0.173041,10389
378,691.316,10.667,0.202194,0.136264,10389
377,656.109,9.32666,0.232758,0.109657,10389
376,672.795,9.75067,0.332957,0.104825,10389
375,677.314,8.63842,0.246412,0.121478,10389
374,703.318,11.7946,0.288817,0.138206,10389
373,742.772,11.5687,0.279286,0.115392,10389
372,838.419,9.61665,0.281655,0.118189,10389
50,677.624,11.6368,0.182733,0.153201,10389
67,588.897,14.538,0.273885,0.253367,10389
399,643.476,26.9652,0.321561,0.315453,10389
398,458.2,32.893,0.36445,0.385985,10389
397,529.127,23.7975,0.332956,0.398318,10389
396,466.466,27.8023,0.291596,0.394545,10389
395,465.968,26.7854,0.435062,0.275577,10389
394,496.202,24.0007,0.262804,0.33114,10389
393,414.992,20.1106,0.261369,0.272814,10389
392,391.333,26.6819,0.466403,0.259288,10389
391,435.864,23.5916,0.3987,0.223597,10389
390,417.342,23.3531,0.290415,0.310342,10389
389,519.985,13.4419,0.213484,0.476317,10389
388,478.793,17.7446,0.263225,0.218195,10389
387,548.07,14.3673,0.19499,0.211171,10389
386,517.609,16.2389,0.221156,0.200209,10389
59,580.85,11.9529,0.208434,0.157725,10389
167,584.816,14.6098,0.34656,0.216125,10389
166,466.039,10.6801,0.20389,0.163964,10389
42,392.51,12.9721,0.234762,0.192276,10389
165,387.204,11.528,0.253947,0.177308,10389
43,261.165,9.8958,0.160002,0.16808,10389
164,355.56,12.4966,0.221349,0.15097,10389
44,284.168,10.0804,0.189924,0.138994,10389
163,415.369,12.8343,0.202179,0.143516,10389
45,329.695,7.92659,0.144075,0.205543,10389
162,338.328,13.2026,0.30164,0.181141,10389
46,306.902,10.586,0.180604,0.1958,10389
161,398.483,12.3239,0.244946,0.205656,10389
47,2817.66,0.83628,0.00242536,0.0237365,10389
160,447.841,13.3829,0.307772,0.175505,10389
48,403.86,11.2587,0.169516,0.176305,10389
159,648.211,16.7151,0.36659,0.228555,10389
176,682.998,13.5018,0.262274,0.208047,10389
33,525.079,2.88257,0.04408,0.0459588,10389
175,626.828,9.96342,0.194424,0.168096,10389
34,460.615,2.71092,0.146611,0.0806749,10389
174,538.19,9.63142,0.323835,0.147093,10389
35,2226.78,1.61525,0.000833333,0.0138817,10389
173,535.878,10.063,0.287354,0.157542,10389
36,415.437,10.602,0.152983,0.129593,10389
172,447.813,14.9664,0.396812,0.346634,10389
37,456.193,12.1179,0.183976,0.170263,10389
171,541.656,12.1694,0.212667,0.150806,10389
38,524.798,11.0145,0.149383,0.185065,10389
170,688.724,11.1845,0.231853,0.203804,10389
39,540.392,11.4255,0.184163,0.147905,10389
169,737.1,11.4939,0.20351,0.147907,10389
168,717.936,10.0293,0.175231,0.166315,10389
49,601.068,16.0931,0.220973,0.206803,10389
371,810.827,11.4726,0.227562,0.146756,10389
370,668.46,12.0075,0.233487,0.139083,10389
369,665.435,15.1798,0.583305,0.374004,10389
368,615.192,9.48823,0.241057,0.10507,10389
367,520.905,8.05729,0.223303,0.126933,10389
366,619.122,9.40706,0.245776,0.111633,10389
365,725.731,14.1522,0.426242,0.210722,10389
364,686.883,8.32312,0.260606,0.108213,10389
363,832.891,11.6032,0.325028,0.149117,10389
362,753.77,9.14242,0.259494,0.130548,10389
361,779.992,10.2856,0.267252,0.146672,10389
360,713.481,9.21039,0.287696,0.174223,10389
359,912.515,9.71704,0.274852,0.122472,10389
358,848.732,8.16239,0.291758,0.126331,10389
41,709.882,11.3717,0.190303,0.18243,10389
40,595.044,18.2524,0.260383,0.231983,10389
357,646.054,9.83949,0.404152,0.182416,10389
356,613.394,9.30258,0.296346,0.107386,10389
355,726.203,11.4015,0.307861,0.178359,10389
354,580.664,10.442,0.410069,0.160943,10389
353,526.593,9.20162,0.276901,0.149605,10389
352,592.712,9.97988,0.330509,0.14116,10389
351,609.022,11.5249,0.261621,0.12737,10389
350,559.708,9.96631,0.272291,0.140563,10389
349,580.876,10.5425,0.359328,0.165098,10389
348,658.756,12.8892,0.340637,0.197819,10389
347,541.328,10.0715,0.198053,0.129304,10389
346,589.159,13.2878,0.215586,0.193259,10389
345,619.637,12.8843,0.17271,0.159057,10389
344,589.549,8.76673,0.158176,0.136786,10389
32,731.515,22.5376,0.466686,0.349106,10389
194,461.856,8.89396,0.191171,0.177562,10389
15,410.075,8.12897,0.16905,0.148146,10389
193,362.276,6.90882,0.151855,0.16061,10389
16,336.924,7.28575,0.13594,0.130703,10389
192,294.827,6.60971,0.156642,0.137457,10389
17,278.794,6.94772,0.125785,0.120051,10389
191,233.24,6.67295,0.148352,0.124789,10389
18,274.177,7.47234,0.145535,0.127693,10389
190,304.011,7.46548,0.1667,0.157581,10389
19,290.188,7.65227,0.137037,0.14888,10389
189,274.976,6.9608,0.121298,0.121365,10389
20,354.888,7.29338,0.137366,0.147934,10389
188,360.665,7.289,0.132556,0.153477,10389
21,380.862,8.214,0.171838,0.191394,10389
187,479.478,7.60472,0.176526,0.135889,10389
186,510.289,8.07064,0.217184,0.171046,10389
185,581.729,8.41923,0.183974,0.19229,10389
184,466.908,7.63448,0.146292,0.140911,10389
24,397.13,7.21105,0.163217,0.156538,10389
183,414.118,7.69273,0.160217,0.139102,10389
25,409.795,7.4797,0.140352,0.139252,10389
182,346.65,7.672,0.182277,0.152545,10389
26,372.604,8.69015,0.179083,0.233444,10389
181,391.31,6.69485,0.154147,0.169823,10389
27,358.796,9.04623,0.220833,0.206599,10389
180,364.347,8.02455,0.139786,0.12302,10389
28,314.827,7.46962,0.148318,0.176021,10389
179,415.012,6.87314,0.101001,0.0853974,10389
29,411.731,7.40926,0.146613,0.132884,10389
178,450.788,1.79105,0.0442906,0.0352597,10389
30,496.92,11.1445,0.17817,0.176434,10389
177,759.752,21.5241,0.61076,0.30145,10389
22,598.344,8.94793,0.174722,0.14889,10389
329,601.52,8.27149,0.234837,0.0899375,10389
328,597.818,7.86877,0.193869,0.0955107,10389
327,607.818,7.65692,0.190949,0.104201,10389
326,542.196,7.47175,0.188325,0.103912,10389
325,560.285,7.56659,0.241181,0.110861,10389
324,576.656,7.87012,0.244281,0.119401,10389
323,588.769,7.14659,0.158888,0.102397,10389
322,593.142,12.6833,0.223553,0.165825,10389
321,598.049,12.7815,0.2418,0.174709,10389
320,666.971,10.517,0.269603,0.140722,10389
319,606.001,12.2812,0.189208,0.144673,10389
318,662.123,12.2697,0.23317,0.158627,10389
317,659.619,8.49738,0.301851,0.137374,10389
316,627.341,8.95323,0.234973,0.150166,10389
14,626.461,9.06618,0.18262,0.212169,10389
31,546.248,14.1822,0.249862,0.204428,10389
343,433.097,7.43279,0.21082,0.141178,10389
342,385.066,9.24448,0.275458,0.195698,10389
341,372.858,9.47607,0.887116,0.247694,10389
340,368.022,6.62714,0.233805,0.172431,10389
339,380.54,8.15956,0.359594,0.145797,10389
338,349.792,6.93993,0.192156,0.121272,10389
337,375.551,9.10853,0.311113,0.169559,10389
336,362.08,8.06947,0.235068,0.107396,10389
335,405.421,8.0666,0.188815,0.0993779,10389
334,448.149,9.23292,0.305609,0.151394,10389
333,374.414,8.01035,0.215122,0.121942,10389
332,405.679,7.45707,0.156542,0.0965651,10389
331,349.629,1.62642,0.0339803,0.0110274,10389
330,499.548,9.61205,0.240081,0.141885,10389
23,516.352,7.95921,0.16012,0.211678,10389
203,625.19,12.1504,0.204917,0.186952,10389
202,543.572,8.52725,0.141387,0.128271,10389
6,500.409,7.83845,0.12272,0.16204,10389
201,1852.31,1.87187,0.077226,0.0318531,10389
7,422.772,7.40979,0.119471,0.146107,10389
200,456.378,8.29621,0.18221,0.175671,10389
8,385.624,9.29507,0.164735,0.189083,10389
199,393.686,7.32415,0.133659,0.162963,10389
9,415.049,7.43305,0.120839,0.137104,10389
198,428.637,7.92778,0.148324,0.143979,10389
10,475.605,7.4769,0.112564,0.13791,10389
197,491.555,8.44767,0.138238,0.137589,10389
11,537.538,7.57521,0.163779,0.123,10389
196,541.297,7.53321,0.170547,0.137802,10389
12,623.636,9.14772,0.150568,0.170428,10389
195,688.317,9.29463,0.151246,0.169081,10389
212,501.381,19.8559,0.323597,0.315561,10389
141,442.41,10.3822,0.20024,0.268136,10389
211,357.973,7.74466,0.112958,0.142124,10389
142,313.947,8.09328,0.139887,0.157076,10389
210,3275.58,2.12949,0.0404836,0.0175525,10389
143,294.867,7.67985,0.140455,0.136592,10389
209,262.813,5.04414,0.206223,0.23729,10389
0,1107.81,1.35265,0.0349089,0.013963,10389
208,290.358,9.75033,0.140635,0.138029,10389
1,261.67,6.82514,0.172914,0.207715,10389
207,266.457,9.20527,0.115664,0.151836,10389
2,373.343,8.60476,0.171422,0.160586,10389
206,340.704,9.8064,0.124865,0.141537,10389
3,427.079,8.00313,0.139682,0.152693,10389
205,498.474,8.324,0.134971,0.126972,10389
204,539.782,9.25319,0.148153,0.134458,10389
13,538.336,13.3276,0.189775,0.18137,10389
315,631.613,9.61106,0.279828,0.15343,10389
314,593.473,9.97588,0.236175,0.148171,10389
313,643.411,10.1627,0.268792,0.1645,10389
312,561.886,9.31192,0.306405,0.154749,10389
311,530.199,10.509,0.175189,0.141275,10389
310,449.696,1.35577,0.0310651,0.0434304,10389
309,483.888,10.4183,0.228064,0.130167,10389
308,521.399,9.78832,0.265298,0.129514,10389
307,478.388,8.89754,0.217188,0.123317,10389
306,480.539,8.73365,0.204858,0.10419,10389
305,545.463,9.36257,0.182314,0.114667,10389
304,522.765,9.19898,0.222704,0.154331,10389
303,590.171,8.73578,0.216541,0.138061,10389
302,582.448,8.6585,0.252992,0.170977,10389
5,487.844,10.8978,0.179645,0.168097,10389
4,561.227,9.85561,0.205462,0.202064,10389
301,782.456,12.0929,0.187629,0.158503,10389
300,592.357,13.3365,0.264686,0.162317,10389
299,520.562,9.19227,0.327859,0.156538,10389
298,480.747,12.1892,0.215166,0.126844,10389
297,627.341,14.8903,0.552081,0.181747,10389
296,556.447,11.9573,0.287789,0.135678,10389
295,540.365,13.0547,0.270577,0.128324,10389
294,525.824,11.7212,0.281806,0.141141,10389
293,535.086,10.5506,0.270697,0.114347,10389
292,595.875,11.8033,0.223316,0.146433,10389
291,568.326,11.5206,0.351949,0.14309,10389
290,568.009,15.0216,0.235381,0.161676,10389
289,659.483,16.2961,0.212706,0.214684,10389
288,692.647,14.0723,0.298773,0.176499,10389
140,642.531,12.3963,0.216466,0.228031,10389
741,599.159,12.0347,0.385383,0.149994,10389
634,687.896,11.3959,0.288749,0.133976,10389
740,562.677,14.9321,0.249271,0.205054,10389
635,606.557,9.1229,0.185423,0.119719,10389
739,549.989,13.466,0.209185,0.150787,10389
636,559.569,12.3983,0.293639,0.168926,10389
738,478.488,11.9434,0.20101,0.16565,10389
637,548.08,10.1154,0.168812,0.102357,10389
737,478.103,11.7424,0.158443,0.12909,10389
638,537.896,10.1779,0.134559,0.0978766,10389
736,510.555,15.6889,0.229083,0.185851,10389
639,587.956,9.61955,0.115929,0.122759,10389
735,484.433,11.7531,0.166174,0.119875,10389
640,535.981,10.4751,0.143174,0.124247,10389
734,694.893,13.7741,0.220197,0.179739,10389
733,664.874,12.5779,0.180506,0.136241,10389
732,727.642,15.0854,0.228593,0.188349,10389
731,486.442,11.2453,0.148021,0.145401,10389
643,590.027,8.36784,0.14323,0.0995097,10389
730,470.674,9.35643,0.122743,0.101034,10389
644,523.312,7.61109,0.11275,0.098275,10389
729,371.863,11.7193,0.150734,0.162231,10389
645,413.204,7.53047,0.0866731,0.0811032,10389
728,366.504,17.8791,0.186171,0.074148,10389
646,420.184,6.80381,0.118913,0.0775396,10389
727,386.11,1.61146,0.0336338,0.0300655,10389
647,410.131,5.20955,0.0981975,0.0768716,10389
726,1832.51,2.79261,0.0933276,0.0280266,10389
648,490.562,6.01721,0.173071,0.0645381,10389
725,507.818,36.1772,6.62249,31.9874,10389
649,604.754,6.1033,0.149467,0.0754181,10389
724,682.984,10.0346,0.122012,0.0886961,10389
641,668.969,11.5782,0.214562,0.122615,10389
1009,485.975,5.23976,0.0687288,0.0711069,10389
1008,428.512,5.58041,0.0736155,0.0695306,10389
1007,394.159,4.93665,0.0640243,0.0587278,10389
1006,372.955,6.0766,0.0801618,0.0955714,10389
1005,423.888,8.34643,0.0907639,0.0894441,10389
1004,362.313,6.76408,0.0675146,0.0760687,10389
1003,400.114,7.83571,0.0816194,0.0837809,10389
1002,347.848,6.68219,0.0828814,0.0757356,10389
1001,360.624,6.49953,0.0689564,0.0635666,10389
1000,383.818,6.82827,0.08469,0.095815,10389
999,388.801,5.35598,0.0711127,0.0884977,10389
998,434.656,4.7233,0.0593807,0.0685416,10389
997,476.477,7.2784,0.101488,0.0920156,10389
996,465.525,7.70122,0.0872989,0.0730939,10389
633,797.501,9.5055,0.146549,0.113341,10389
650,743.075,8.36207,0.15734,0.126702,10389
1023,456.515,5.38699,0.0694453,0.0797883,10389
1022,436.474,8.95513,0.144918,0.123563,10389
1021,418.325,5.03616,0.0628178,0.0730963,10389
1020,390.816,3.97479,0.072181,0.0637352,10389
1019,318.893,5.45215,0.0801283,0.0757277,10389
1018,413.045,5.00684,0.0727496,0.0632181,10389
1017,387.497,4.95206,0.123712,0.117669,10389
1016,462.489,4.2888,0.0754076,0.0643733,10389
1015,361.036,4.70425,0.0702125,0.0848941,10389
1014,368.656,3.93624,0.0817635,0.0696078,10389
1013,407.072,5.05176,0.0840025,0.077704,10389
1012,441.057,5.38754,0.118827,0.13788,10389
1011,493.4,4.70057,0.194085,0.177078,10389
1010,467.83,4.83966,0.0692249,0.0631029,10389
642,595.664,9.90564,0.207263,0.116294,10389
750,691.481,11.7347,0.257201,0.19362,10389
749,664.66,9.50912,0.161476,0.102946,10389
625,537.624,12.2516,0.159372,0.130902,10389
748,585.074,11.7764,0.185754,0.21352,10389
626,610.615,9.15801,0.17815,0.130301,10389
747,549.246,9.02686,0.170383,0.124901,10389
627,0,0,0,0,10389
746,477.877,11.4869,0.140915,0.127231,10389
628,499.674,8.07302,0.144488,0.122071,10389
745,484.337,8.45022,0.129982,0.0936294,10389
629,543.67,15.8611,0.3313,0.220861,10389
744,547.899,9.3,0.191724,0.115517,10389
630,594.298,15.9795,0.298436,0.206203,10389
743,705.596,6.48506,0.184056,0.14697,10389
631,656.643,13.0884,0.193998,0.209232,10389
742,740.959,9.12488,0.140832,0.118269,10389
759,673.538,10.3969,0.145488,0.133777,10389
616,536,2.98517,0.052825,0.0446222,10389
758,608.134,11.8804,0.43799,0.152918,10389
617,465.645,3.09753,0.0594362,0.0385125,10389
757,486.354,9.49727,0.16924,0.101018,10389
618,527.417,55.0007,0.985569,1.16079,10389
756,406.713,10.0506,0.148551,0.162332,10389
619,484.308,7.1672,0.114111,0.102844,10389
755,360.415,9.28948,0.127121,0.11395,10389
620,399.475,8.0164,0.104339,0.0878911,10389
754,432.029,11.3783,0.124645,0.128036,10389
621,525.791,11.8534,0.154745,0.154621,10389
753,527.474,10.9351,0.161792,0.131403,10389
622,679.409,11.8829,0.206589,0.152117,10389
752,713.084,10.3008,0.167656,0.13888,10389
751,723.012,11.1201,0.25152,0.155016,10389
632,657.058,14.6075,0.289998,0.190481,10389
995,389.535,6.54421,0.0801041,0.129096,10389
994,358.424,6.54985,0.0843277,0.0644931,10389
993,295.072,8.81445,0.378492,0.213846,10389
992,302.346,8.67912,0.0780335,0.0979079,10389
991,339.953,6.81015,0.0573714,0.0767049,10389
990,320.634,8.50842,0.0977723,0.100992,10389
989,273.036,7.50132,0.0744828,0.148868,10389
988,320.046,6.79344,0.129873,0.0959019,10389
987,279.128,6.63843,0.064603,0.0711454,10389
986,326.777,5.66122,0.0743746,0.0604312,10389
985,363.836,7.2016,0.10986,0.072118,10389
984,400.524,5.69153,0.0618331,0.0629331,10389
983,462.482,5.05521,0.0617317,0.0519795,10389
982,0,0,0,0,10389
624,703.37,8.40963,0.148306,0.122687,10389
623,753.136,11.7775,0.169923,0.152802,10389
981,460.654,5.23226,0.0627834,0.0578291,10389
980,379.735,6.28821,0.0889882,0.0738482,10389
979,386.863,5.52838,0.0730533,0.0628113,10389
978,406.697,5.2949,0.0649157,0.0565062,10389
977,318.683,6.3225,0.108759,0.0632557,10389
976,350.692,4.96443,0.0657336,0.0561868,10389
975,325.203,4.99333,0.0651191,0.0696477,10389
974,308.515,5.00418,0.0813099,0.077476,10389
973,293.234,5.24767,0.0574134,0.0524123,10389
972,305.845,5.1709,0.0686189,0.0544562,10389
971,2743.69,1.73799,0.000877058,0.00989954,10389
970,458.818,7.62278,0.0926953,0.0804444,10389
969,431.961,7.28356,0.0792707,0.0645718,10389
968,393.274,8.10177,0.0750019,0.097511,10389
615,457.448,2.68249,0.0400644,0.0343434,10389
777,531.761,8.96196,0.637864,0.182815,10389
598,711.38,9.64328,0.154662,0.110013,10389
776,415.274,7.22571,0.133034,0.0887743,10389
599,604.928,10.9456,0.191314,0.114012,10389
775,350.075,6.39274,0.559883,0.143026,10389
600,489.107,11.51,0.220963,0.159049,10389
774,279.577,4.13992,0.112406,0.0751609,10389
601,526.43,10.3867,0.176991,0.147855,10389
773,334.742,7.18211,0.2021,0.0885086,10389
602,467.29,10.0544,0.159925,0.119308,10389
772,363.559,16.9364,2.26858,0.749442,10389
603,578.975,11.0049,0.266661,0.139173,10389
771,444.764,5.31457,0.404661,0.13977,10389
604,806.366,10.4108,0.161004,0.107768,10389
770,1866.29,1.54731,0.000821995,0.0102252,10389
769,747.243,5.46419,0.190735,0.0877708,10389
768,500.488,7.19278,0.791825,0.142973,10389
767,456.991,4.32752,0.240164,0.0706643,10389
607,550.207,12.608,0.286487,0.268472,10389
766,453.585,3.52895,0.0760778,0.0995325,10389
608,543.339,10.6777,0.166193,0.126388,10389
765,403.452,4.88552,0.17183,0.0731775,10389
609,436.584,10.5154,0.222939,0.150644,10389
764,394.471,6.4532,0.109949,0.088497,10389
610,534.598,11.0168,0.220031,0.141546,10389
763,425.428,8.28755,0.232141,0.0901496,10389
611,578.476,12.9179,0.257105,0.188463,10389
762,527.399,8.75277,0.157926,0.0942603,10389
612,551.983,8.02123,0.135568,0.119991,10389
761,552.057,9.58219,0.144854,0.0956027,10389
613,617.906,13.2143,0.158443,0.206953,10389
760,689.948,10.8929,0.169935,0.126843,10389
605,808.849,12.4454,0.211757,0.166861,10389
953,548.047,4.37029,0.0639848,0.0680772,10389
952,460.613,4.76659,0.0678199,0.0469507,10389
951,523.27,4.96967,0.0760749,0.0493434,10389
950,414.78,4.83991,0.0758167,0.0593398,10389
949,415.777,6.62486,0.0837427,0.0655984,10389
948,434.181,4.75911,0.0649062,0.0639795,10389
947,360.574,7.21647,0.0962648,0.0689353,10389
946,363.396,5.73826,0.0676888,0.057554,10389
945,481.119,5.38788,0.068349,0.0603915,10389
944,457.052,5.52064,0.093331,0.0699982,10389
943,2384.18,1.08185,0.000821995,0.00951415,10389
942,0,0,0,0,10389
941,516.168,5.73729,0.084414,0.0841571,10389
940,590.152,6.55807,0.0950389,0.0718186,10389
597,888.434,12.6872,0.265306,0.160307,10389
614,901.431,15.6464,0.466111,0.41032,10389
967,478.453,5.05705,0.116578,0.10668,10389
966,409.736,7.38058,0.0983208,0.0702615,10389
965,486.694,7.53612,0.205704,0.213654,10389
964,399.357,6.28364,0.0727335,0.0618241,10389
963,387.568,7.57468,0.122636,0.0842263,10389
962,401.223,5.76097,0.0667688,0.0541177,10389
961,351.904,6.70319,0.0739917,0.0685454,10389
960,359.146,6.58774,0.0856869,0.0597777,10389
959,454.12,5.42946,0.0679277,0.0818671,10389
958,477.166,6.45085,0.0980778,0.0677931,10389
957,398.643,6.11674,0.0683544,0.0546861,10389
956,446.1,6.34174,0.106202,0.0704475,10389
955,501.221,6.25635,0.0935525,0.108538,10389
954,552.511,5.4092,0.267246,0.287079,10389
606,1793.4,0.700836,0.00169031,0.0232414,10389
786,565.287,13.6375,0.184188,0.1509,10389
785,506.734,12.4356,0.169224,0.139234,10389
589,605.28,12.2338,0.139824,0.145842,10389
784,418.625,7.87273,0.0888208,0.0751897,10389
590,536.771,10.0753,0.17184,0.0890575,10389
783,371.997,8.99533,0.465423,0.120602,10389
591,424.574,10.183,0.1429,0.0987299,10389
782,432.9,7.22991,0.111703,0.0720202,10389
592,546.246,10.9387,0.184129,0.119258,10389
781,365.365,4.62858,0.0819814,0.0714952,10389
593,521.116,11.2287,0.163009,0.162459,10389
780,459.77,9.0528,0.58953,0.118927,10389
594,562.321,11.2077,0.228209,0.149474,10389
779,510.99,5.37321,0.208877,0.081401,10389
595,693.724,9.91364,0.187419,0.131966,10389
778,554.355,6.01872,0.786696,0.208948,10389
795,400.485,11.7186,0.166669,0.14017,10389
580,399.894,2.78876,0.0489457,0.0433064,10389
794,347.318,11.6036,0.116939,0.116769,10389
581,485.951,16.4376,0.265794,0.17608,10389
793,242.233,14.927,0.155666,0.170012,10389
582,320.176,11.0954,0.154622,0.135087,10389
792,287.575,12.0992,0.141411,0.102541,10389
583,336.872,9.00233,0.106287,0.08941,10389
791,336.105,12.431,0.148901,0.167246,10389
584,316.784,12.6855,0.252869,0.126496,10389
790,307.13,15.9568,0.241757,0.184335,10389
585,398.918,8.13922,0.0925593,0.0929114,10389
789,362.601,11.1414,0.224938,0.158881,10389
586,409.353,8.76977,0.0981328,0.086594,10389
788,473.262,11.5266,0.211572,0.17575,10389
787,572.186,12.8964,0.192034,0.151526,10389
596,865.725,16.6828,0.277607,0.22251,10389
939,449.932,6.0929,0.0953723,0.0806089,10389
938,413.708,8.379,0.109794,0.0905333,10389
937,420.963,8.99241,0.0814463,0.086081,10389
936,389.665,6.86941,0.0817602,0.0851447,10389
935,356.741,13.6869,0.129577,0.126538,10389
934,397.732,7.92136,0.0855806,0.0729618,10389
933,371.871,11.6128,0.138259,0.109602,10389
932,359.324,9.39293,0.0860365,0.0946278,10389
931,331.733,7.48865,0.0742903,0.090644,10389
930,394.685,6.58437,0.0765972,0.0792021,10389
929,367.7,8.43704,0.118294,0.131436,10389
928,511.714,9.3579,0.156717,0.0894387,10389
927,460.524,7.32983,0.0940246,0.0740146,10389
926,530.49,6.85076,0.0828591,0.0665418,10389
588,632.8,11.4095,0.117566,0.11085,10389
587,656.228,10.4296,0.119257,0.114919,10389
925,503.928,7.73069,0.0949225,0.104986,10389
924,481.032,6.11865,0.0734367,0.0681252,10389
923,428.249,5.90235,0.0784817,0.0637734,10389
922,427.018,5.43046,0.0843812,0.0742497,10389
921,437.148,4.96252,0.0785888,0.0752621,10389
920,424.733,5.10884,0.0773025,0.0702385,10389
919,458.53,4.71305,0.0792524,0.0610803,10389
918,416.34,5.10812,0.0793735,0.067941,10389
917,378.668,4.68927,0.0728786,0.0750642,10389
916,487.928,4.63295,0.0670969,0.0641618,10389
915,2262.03,1.14991,0.0447586,0.00710572,10389
914,486.13,4.51661,0.0738096,0.0644602,10389
913,469.547,4.07511,0.138542,0.14587,10389
912,567.147,4.80925,0.0755256,0.0695677,10389
579,608.706,4.06428,0.046878,0.039442,10389
669,577.271,13.1999,0.181835,0.163615,10389
562,625.253,14.269,0.432898,0.173545,10389
668,597.717,14.5305,0.137263,0.165495,10389
563,451.425,7.1333,0.220767,0.158721,10389
667,562.478,11.8459,0.176191,0.15456,10389
564,457.422,9.72748,0.210704,0.138836,10389
666,570.364,14.8094,0.231954,0.175408,10389
565,432.886,10.4671,0.151822,0.116379,10389
665,590.079,8.9024,0.220386,0.0970422,10389
566,411.166,11.033,0.151174,0.111626,10389
664,534.548,10.6642,0.125111,0.121796,10389
567,419.772,14.5419,0.390728,0.449946,10389
663,580.164,14.4517,0.206115,0.162402,10389
568,496.8,10.2388,0.184848,0.119473,10389
662,611.999,11.7651,0.143085,0.124044,10389
661,594.206,9.53218,0.149939,0.0998674,10389
660,414.245,12.503,0.19201,0.135672,10389
659,548.728,10.5388,0.244686,0.139424,10389
571,491.852,11.0586,0.218391,0.131675,10389
658,2607.29,1.09619,0.163458,0.349683,10389
572,1062.64,1144.9,12.6046,7.31044,10389
657,2559.08,1199.09,11.386,5.4943,10389
573,1872.41,1187.98,9.39687,4.80147,10389
656,1992.81,1298.28,13.6958,5.04795,10389
574,610.786,2.76103,0.057414,0.044691,10389
799,783.988,9.66318,0.168535,0.120411,10389
575,717.733,22.8965,0.2398,0.262802,10389
798,2082.39,0.654481,0.0275877,0.00728189,10389
576,1855.04,1262.07,12.4366,5.50849,10389
797,1643.83,1320.42,11.971,4.42682,10389
577,1895.79,1194.98,11.2232,4.99762,10389
796,1772.52,1244.74,10.2617,5.29062,10389
569,437.197,5.48729,0.0751753,0.0864509,10389
814,399.909,5.74524,0.068854,0.0652679,10389
815,490.554,6.57546,0.08402,0.0788924,10389
816,2107.6,0.978665,0.000827606,0.0114058,10389
817,1471.89,1326.11,11.5169,4.40773,10389
818,1755.08,1249.45,14.8368,7.16306,10389
819,1801,1124.28,13.2074,6.81065,10389
820,1751.74,1237.13,13.7548,6.42076,10389
821,3510.43,1.37511,0.061502,0.0141389,10389
822,590.648,5.18654,0.0724914,0.0826115,10389
823,778.762,17.693,0.209254,0.200718,10389
824,2072.75,0.438641,0.0327993,0.00434789,10389
825,1730.39,1120.52,16.0844,8.17155,10389
826,1938.34,1181.68,12.8346,6.78651,10389
827,1360.87,1303.01,9.35184,7.99659,10389
561,1938.76,1179.95,12.2732,6.23979,10389
578,341.232,6.93403,0.0770287,0.0785036,10389
800,2134.47,1.38795,0.035556,0.0108819,10389
801,344.811,7.06199,0.0718421,0.0761322,10389
802,2081.34,1.73335,0.0482316,0.015725,10389
803,667.808,1093.17,13.0771,10.726,10389
804,2448.41,1366.14,23.909,6.62903,10389
805,1752.44,1238.57,11.3685,5.0792,10389
806,1838.62,1209.38,10.3928,4.17548,10389
807,485.525,5.41923,0.0673569,0.0729825,10389
808,555.587,5.78765,0.0826072,0.0806901,10389
809,738.213,12.3217,0.160821,0.127544,10389
810,2069.07,0.716171,0.0199589,0.0111588,10389
811,2165.08,1165.05,11.718,5.81449,10389
812,1700.11,1000.11,44.1948,23.0172,10389
813,2630.03,1238.58,10.869,6.63597,10389
570,2240.72,1147.82,13.4781,7.12047,10389
678,738.347,11.2298,0.166582,0.10209,10389
677,554.948,11.263,0.139283,0.0975924,10389
553,646.73,12.0244,0.159543,0.158672,10389
676,560.339,11.0129,0.165197,0.149891,10389
554,590.615,11.2757,0.161234,0.138647,10389
675,499.246,11.4385,0.172991,0.121365,10389
555,528.367,13.3764,0.160514,0.179391,10389
674,597.528,12.3519,0.174414,0.137095,10389
556,530.072,14.8533,0.277608,0.190599,10389
673,491.6,12.7341,0.145348,0.13083,10389
557,644.863,17.4507,0.242401,0.215794,10389
672,612.777,11.3909,0.158583,0.10116,10389
558,625.317,13.4013,0.227045,0.174614,10389
671,668.546,11.8134,0.183645,0.115365,10389
559,702.531,14.0028,0.330371,0.194823,10389
670,704.008,14.4606,0.199679,0.145204,10389
687,437.028,14.4716,0.169102,0.186234,10389
544,363.633,7.71142,0.127527,0.11825,10389
686,295.043,10.1632,0.108661,0.0991403,10389
545,267.491,2.53692,0.0527296,0.0444642,10389
685,266.643,5.60591,0.0844595,0.0823084,10389
546,321.707,20.9259,0.268619,0.243531,10389
684,303.506,9.38064,0.101967,0.109264,10389
547,271.969,13.3788,0.241492,0.191178,10389
683,216.472,13.6976,0.124781,0.164321,10389
548,343.738,9.29819,0.225953,0.107823,10389
682,270.226,6.77532,0.111659,0.0918144,10389
549,358.412,12.1857,0.211097,0.132725,10389
681,427.197,11.8172,0.134004,0.142248,10389
550,407.344,10.2913,0.151386,0.0962581,10389
680,487.932,8.52057,0.148948,0.0861747,10389
679,532.973,8.07524,0.154853,0.0796601,10389
560,740.761,14.2992,0.298234,0.180365,10389
828,617.943,6.30491,0.0959031,0.0800388,10389
829,558.889,6.07441,0.0851837,0.0713299,10389
830,460.383,5.57498,0.0698122,0.0600756,10389
831,461.698,5.36716,0.0571637,0.0603978,10389
832,444.032,5.69638,0.179422,0.205017,10389
833,475.764,5.58287,0.0651777,0.060243,10389
834,429.611,5.12807,0.0715575,0.0807439,10389
835,477.735,5.97696,0.0776925,0.0690727,10389
836,455.358,5.64392,0.0679168,0.0789945,10389
837,539.981,5.81893,0.0696911,0.0636471,10389
838,490.853,6.43975,0.0710003,0.0669139,10389
839,531.565,5.19514,0.0748253,0.0650559,10389
840,538.415,5.42931,0.0681966,0.0660939,10389
841,623.638,5.5235,0.0722576,0.0652885,10389
552,791.07,10.558,0.21669,0.17411,10389
551,719.511,11.7553,0.272243,0.263173,10389
842,460.487,5.75684,0.0608102,0.0548191,10389
843,418.852,9.54118,0.392471,0.171027,10389
844,398.039,3.31624,0.0893792,0.139415,10389
845,375.9,8.35512,0.0677394,0.00277695,10389
846,0,0,0,0,10389
847,390.366,4.41747,0.0573958,0.0465097,10389
848,328.571,4.72332,0.0587062,0.0394165,10389
849,391.209,4.50976,0.0586046,0.0563684,10389
850,385.119,7.37457,0.373911,0.246639,10389
851,386.396,4.09308,0.114912,0.125962,10389
852,412.674,4.87826,0.0816198,0.0681062,10389
853,469.498,5.63626,0.0642959,0.0637574,10389
854,401.559,7.59442,0.129877,0.158639,10389
855,454.824,4.40068,0.0695648,0.0683986,10389
543,556.488,18.3801,0.244479,0.232605,10389
705,733.463,10.2973,0.208404,0.0965806,10389
526,834.166,7.99201,0.230432,0.113283,10389
704,550.847,8.79457,0.159463,0.10624,10389
527,728.033,8.44876,0.196895,0.0902887,10389
703,497.212,11.5606,0.182747,0.139333,10389
528,670.328,11.3398,0.573012,0.265925,10389
702,548.553,12.0795,0.154655,0.113328,10389
529,685.329,7.9566,0.178716,0.100804,10389
701,523.743,10.3354,0.179583,0.132124,10389
530,647.234,8.35982,0.348965,0.117382,10389
700,566.098,9.75263,0.27554,0.132679,10389
531,703.317,9.81106,0.377416,0.147594,10389
699,665.832,13.7359,0.166412,0.147464,10389
532,738.162,10.1065,0.164142,0.111609,10389
698,706.484,17.6744,0.326656,0.20158,10389
697,763.117,18.0329,0.248175,0.183967,10389
696,673.774,19.1109,0.238196,0.239805,10389
695,607.625,20.5094,0.261982,0.295372,10389
535,432.932,11.9687,0.185393,0.170669,10389
694,557.52,19.109,0.296528,0.205785,10389
536,368.226,7.28194,0.117227,0.0973045,10389
693,459.965,10.233,0.235255,0.135266,10389
537,388.564,8.04316,0.121685,0.10056,10389
692,424.939,11.9391,0.145698,0.112402,10389
538,398.221,7.25018,0.110069,0.0913225,10389
691,424.816,11.6652,0.16479,0.135254,10389
539,397.117,6.73648,0.114968,0.0888527,10389
690,2333.49,2.97075,0.0459172,0.031461,10389
540,440.959,16.7192,0.139441,0.178863,10389
689,506.42,2.96084,0.210686,0.0696836,10389
541,539.309,12.5802,0.116198,0.136893,10389
688,647.826,24.1658,0.313018,0.290852,10389
533,675.779,10.2158,0.151548,0.127633,10389
870,496.187,4.57511,0.100657,0.0637887,10389
871,471.301,5.02754,0.103208,0.0666966,10389
872,431.091,4.63971,0.0724323,0.0649899,10389
873,367.428,3.16088,0.0767203,0.0531194,10389
874,432.065,4.2239,0.0669956,0.0586796,10389
875,376.077,4.33964,0.0621689,0.0779562,10389
876,376.654,6.08474,0.131845,0.107158,10389
877,362.174,5.16617,0.0764817,0.0878075,10389
878,404.479,4.81719,0.0650117,0.0577776,10389
879,414.809,4.88833,0.067538,0.0522332,10389
880,400.52,7.35033,0.0852291,0.0758771,10389
881,485.401,5.05381,0.0789973,0.0657035,10389
882,541.088,5.71397,0.105052,0.0650246,10389
883,502.823,4.33218,0.0756012,0.0621188,10389
525,877.2,10.0947,0.217977,0.118984,10389
542,750.424,15.6319,0.234574,0.25145,10389
856,553.44,7.34894,0.100275,0.0735256,10389
857,468.219,8.09623,0.102561,0.0764632,10389
858,433.059,5.55733,0.0921049,0.0637149,10389
859,441.169,4.16372,0.060905,0.0717787,10389
860,343.488,6.18362,0.0744196,0.0650906,10389
861,295.496,6.30805,0.0640514,0.0718333,10389
862,388.525,9.48591,0.276262,0.0994508,10389
863,378.535,5.46851,0.0656453,0.0685489,10389
864,419.087,4.62409,0.0657628,0.0466249,10389
865,415.527,4.74759,0.0551558,0.0556523,10389
866,443.985,5.39074,0.0835187,0.123195,10389
867,413.857,4.89129,0.0700732,0.0639378,10389
868,447.637,2.61785,0.0547164,0.700753,10389
869,581.666,7.10742,0.243247,0.108118,10389
534,657.671,9.06834,0.157082,0.159386,10389
714,618.178,11.0851,0.305675,0.116636,10389
713,681.946,14.5175,0.212704,0.162287,10389
517,551.507,7.42821,0.173314,0.0762721,10389
712,369.372,9.86171,0.170593,0.122409,10389
518,516.657,8.82541,0.24885,0.107343,10389
711,286.142,6.23891,0.140325,0.0691169,10389
519,2320.46,0.861476,0.061886,0.00897443,10389
710,420.2,13.3517,0.298594,0.17495,10389
520,558.122,8.84236,0.180456,0.103526,10389
709,316.798,11.0309,0.154283,0.127924,10389
521,392.295,7.85877,0.394623,0.0921122,10389
708,418.666,12.4838,0.4163,0.151051,10389
522,546.294,8.59679,0.210847,0.097889,10389
707,854.253,12.0119,0.283678,0.175929,10389
523,738.162,8.04623,0.136495,0.0834095,10389
706,636.78,14.9511,0.483181,0.185088,10389
723,589.324,34.843,0.577825,0.326677,10389
652,423.812,5.22231,0.086365,0.0645326,10389
722,413.257,10.2188,0.0942629,0.107655,10389
653,378.125,6.93428,0.102761,0.10847,10389
721,329.683,5.95296,0.0873734,0.0775434,10389
654,312.827,8.56932,0.114059,0.111427,10389
720,299.371,8.60416,0.0947561,0.0943143,10389
655,348.397,9.2027,0.0952015,0.0834357,10389
719,428.339,6.61075,0.0974203,0.0771436,10389
512,387.055,11.8063,0.232957,0.1819,10389
718,479.503,7.97091,0.117288,0.0798063,10389
513,450.98,12.4275,0.181979,0.168952,10389
717,498.109,11.0551,0.131579,0.136667,10389
514,587.195,8.40396,0.152668,0.0995906,10389
716,631.819,11.971,0.167337,0.155991,10389
715,790.904,12.9746,0.151553,0.155773,10389
524,789.067,11.2188,0.200944,0.12622,10389
884,515.945,2.38505,0.148106,0.113112,10389
885,506.848,5.42363,0.103357,0.080674,10389
886,455.11,3.96075,0.0566748,0.0565082,10389
887,481.442,4.91184,0.0706414,0.0607521,10389
888,424.531,5.96633,0.0753315,0.0578344,10389
889,416.94,5.17699,0.0697611,0.0607826,10389
890,413.225,6.08795,0.0775754,0.0670245,10389
891,390.127,4.5295,0.061563,0.0585136,10389
892,387.248,5.78001,0.0907588,0.113115,10389
893,403.677,5.8498,0.065271,0.0662234,10389
894,442.759,7.95015,0.110985,0.0871713,10389
895,472.28,5.19305,0.0654736,0.0593914,10389
896,480.369,5.25278,0.0717876,0.0644619,10389
897,533.573,4.95117,0.068108,0.0658898,10389
516,891.921,8.98751,0.133543,0.118357,10389
515,2035.45,1.71303,0.0314137,0.0153112,10389
898,574.845,5.80133,0.107912,0.097608,10389
899,454.58,4.96826,0.0755529,0.0771997,10389
900,418.352,4.81528,0.0639975,0.0620936,10389
901,430.597,5.09912,0.0723898,0.0576715,10389
902,486.133,4.22575,0.0615493,0.0542128,10389
903,2478.04,1.3032,0.0561013,0.00794813,10389
904,440.746,3.51599,0.0556774,0.0671431,10389
905,403.821,4.47407,0.0712689,0.0553372,10389
906,416.51,4.31425,0.0653862,0.0563192,10389
907,460.1,4.48147,0.0718903,0.0504954,10389
908,455.31,4.66237,0.0748405,0.0768245,10389
909,537.137,5.3135,0.0753355,0.0683729,10389
910,539.122,8.90546,0.0903749,0.0980541,10389
911,529.592,5.93194,0.0869142,0.0741722,10389
651,643.223,11.1535,0.19666,0.170909,10389
